User_ID,Product_views,Cart_abandonment,Product_reviews
78f70c64-2a74-464c-8c88-204d8abeda19,4,8,4
74f564a5-010a-469c-baf4-f0c9ebdb7a91,27,7,0
f74cb583-fa3a-47c6-86e8-067da5b44782,21,22,3
ee1f1208-c4cd-448e-9e15-82c119ebd5de,3,21,3
14d566a4-070d-4354-9535-7e8b6ede7fa0,2,10,2
297c16c1-d687-4f73-96f5-c97b37715cf4,14,16,1
74e98bf5-6899-427a-b9e3-6649d4951fd4,12,9,1
53a96056-1d28-4405-b6ae-c3e694abc02c,15,29,2
8397f6ec-2c9f-4e6b-92d3-3a42b240fb9f,6,15,1
6be4424a-51f5-449b-800c-6e2548165343,20,18,1
77a5201d-5566-4483-88d4-093be7553d3e,30,11,0
ce4771c1-c2ff-4097-a972-7cacf92d93f7,29,7,5
5e9b5741-7476-4587-96b0-6bac18160970,20,19,4
d0fe9869-238b-48e3-99b9-ea4389358b41,11,9,0
51219563-b540-454b-872a-d9ca43ff6ceb,25,29,2
0d48a0c5-4e6c-40d6-a4b0-4ab26494232f,24,14,5
6c6f5d02-f2c7-46f4-a85c-1ab12dd72e63,20,6,2
899744a3-c606-4eba-b6da-e3b0a0cffc95,21,19,0
87923f8c-c622-4541-b159-5bb1da08bad8,9,11,1
e2f10eba-86c0-4f9b-9ce7-fc9eb88af156,28,22,2
ca07c9c6-af82-441a-94aa-c7b10c530de5,21,3,5
3a672b16-3caf-4ba9-b958-44b463c764aa,21,19,2
62e83418-60cf-452b-9900-2fe18756f10f,17,28,0
6d1ff47a-8a2b-47da-8648-99c4a9656cb9,5,17,2
b6c4af51-6ad1-406c-80dd-5be281ae958f,25,27,3
97a3bc8c-f994-4466-b7b4-922b66489d7c,18,27,3
dbf072d2-1c9c-49e5-9fed-69b177746fac,1,5,3
d76e5075-9201-4870-948e-7d148773d567,20,2,2
06e65e07-533d-4c48-892d-8c0fe7b35618,29,2,2
b9fee81d-11ca-49d6-82c3-dee42b2e4ebc,27,29,1
22fae076-63b0-4c41-8fcf-a78b70dfb8c9,19,2,3
989fecd1-60bd-43aa-a03e-4e91fc73ab37,1,17,4
de2e73d1-6d24-4672-9d7c-8c5b80ab9013,16,24,3
e21adae4-b054-4070-8809-3df6029f4ae2,6,28,3
9a190301-96cf-4db8-b5e3-fd6693686a0e,6,3,3
f4ccbf69-cfdc-4077-8aad-8c0f3f96e6b2,16,21,3
758cfa05-2925-4e0c-8761-c091aecef3c3,9,8,5
97143299-77b8-46f2-a73c-57b12a00df31,22,25,1
d726e476-750c-44d1-bba2-3166b282bab7,23,13,2
dccbb984-47b0-464d-bca7-56b5bf32b233,4,18,4
955e1f32-a446-44c2-a1d8-e7c0e5ddf558,29,23,2
2c1ede10-d29a-46fb-a09f-9ea9dc0701a2,28,3,4
258c930d-16fd-4897-9ee3-47b91b5bcf04,17,7,1
f8446393-b630-4e9d-a827-071a327d6e05,15,30,4
c22c0803-a36c-420e-aa66-84020f352e23,27,17,5
1be48593-37bb-4338-90c8-dc57767b5ce5,18,13,1
040bfa26-d0b2-4c80-83c6-110c1f27875e,10,4,3
0e841a68-2605-4ddb-b002-f2e4c2cbfad7,8,6,2
94e5c3cb-6049-4186-a99f-43c2d232da94,8,5,3
c2b638e7-5750-4cd7-a307-81316f7d5169,17,13,2
3e28aad9-9073-4e98-84fc-90541c58be3f,30,27,3
eccad224-8e62-40ef-bfee-edd0cf559827,3,15,5
8da211a5-5c83-448f-8bd4-896a93ec295f,14,27,3
17069a68-80b7-40e0-86c7-a6e855086689,21,13,5
b09a4ba5-c8f9-4a73-9af2-add570d2668c,2,27,3
ee489d78-64e8-44fe-9cd5-fe96d25e835e,17,17,1
ec6016c9-f0cc-4e26-90c1-5e7bf7e0a402,23,22,1
d445f9ab-9c97-4d2c-a4af-f35e062a0d03,11,28,4
5418eaf5-c0a4-4d51-b8ff-72ce02dd8c5d,11,11,3
6b957f70-eb24-4e54-9473-4b367b08da60,4,26,1
9de4387a-a4cd-48a8-b7b6-630e72f252cd,22,16,5
7129e0b7-3883-45be-9b63-465fa9974da4,6,24,2
9fad501e-4014-41be-aa04-32e112ff2c3e,24,24,1
a34ebd3a-8988-49fe-bdd3-3e857fdcb722,13,17,3
98dc06d2-7510-4b11-a972-d05a9c7e3166,25,7,5
39297932-57a2-4f4b-98e7-c40a6d50a6eb,7,7,3
4d0b066d-0c6a-4917-8a8e-a15f87a2889b,12,26,2
94954b65-dbdd-4ffa-9c60-39da62d777af,19,16,3
18c52cdc-6f92-4718-a8d3-78981bf1ee5b,3,22,5
2da1aaf4-2cd3-4de9-acb0-81045673cf7e,2,22,1
626ccbcf-5b7d-4e81-8368-aa7db314fca1,20,16,1
6adbb87c-f059-4099-8df8-b5d81e77b7d2,14,21,3
e9562d34-9e2c-41c4-946d-8d2ee3bd914c,8,25,2
a2484883-c66a-4359-b26b-4f00d77c58b6,4,8,3
92c1d7c8-92ed-46f4-a11c-888de25e8ded,26,11,4
dedeaf44-5e21-41e3-900e-2cccb7b8eed2,27,14,4
c830bbf5-533c-4692-bf8f-e65245451264,24,26,1
11257cb8-7e0d-4b16-af9a-0f62c10a76d0,30,25,1
4f3d7182-e4f8-4b4a-95f6-8640f4a1bb64,4,29,3
f333b960-f4a0-47b7-bdf9-aa546cc1e7c5,21,3,2
407782d0-6952-41fc-9a2a-879419cdc1f5,13,14,1
00856436-e8f3-493c-a806-b4e77fe2ddf7,20,3,3
d66395e9-25d6-496b-a2ad-563fdc40b84b,19,26,1
440e917c-bd67-430d-90b5-fbbc5dc29e4e,2,4,0
b5b84242-902b-484c-bcd6-367bc03b9dd8,27,30,1
d47e5eb7-ebf0-4248-b3cd-51fb0f454908,6,13,0
d19b68ac-322d-4f8e-99ea-58fe01ef1d29,16,19,5
525287b3-68a4-4529-9903-a13723c40901,14,27,2
fae83497-4eb2-4955-901d-0924d1cabcb7,8,3,2
1a3c2efd-4c79-422f-8588-e19e91b79490,24,29,4
facdc266-d3d1-4733-b7fe-13e5a9672411,13,1,1
28701c49-c556-43d1-840c-936c25226617,12,28,0
79c031de-2303-465d-a2c8-bda074914576,10,9,3
807b68d7-5787-4585-a12a-8ee67cf52b89,20,3,0
dc472332-9226-4220-b099-c7e5edbdee16,14,4,2
cfbf554c-c91f-42af-9712-274e9d47d690,13,4,0
cbe0caa5-781b-4ab9-a601-07a36c86f874,7,29,2
9d7930bb-d3ad-4309-851e-6e93e9e7821e,13,6,1
97502a4b-52e5-484c-82b4-116877cc3585,18,26,3
563867af-4737-4ec9-89a2-1c2053e1bcc7,17,19,5
257709b8-8e55-4c97-b187-96eb47fb96b3,11,17,2
c7026a91-99b2-4c21-a27a-1bcba4725eaa,25,3,5
792fb45d-ec03-4958-a921-e912c672998c,14,29,0
f8d6f0b2-8deb-403f-ab97-b3ed2dfe6bd8,20,10,2
e832737c-7f67-4d55-aecb-59fc6fc07137,14,16,1
c249993c-7cdf-472b-87a1-8d70044b28c8,10,18,4
f0ff6462-1748-4e55-b0c7-ee57ae245a1d,13,9,4
8c6c9593-04a3-4506-a497-9cc6487eabbe,25,30,3
1c60a20e-8b41-4c88-86d7-1abcd873500c,18,1,1
753bc655-fe14-460a-a288-5e23afb1ad8d,11,12,0
89ca911c-dd5d-4992-9170-08e442753676,28,10,1
a2f67ce9-70ac-403b-a14f-697f921b25c4,7,22,1
5a63c4e8-a21a-4c5b-be0f-b57b090b3ae4,5,11,3
30f074f5-f05c-4c39-b748-7696bb9c3500,20,2,3
670e7ac5-c9e5-4d58-8b7a-db914bc9d9c8,2,7,4
0ee7781e-27ff-4341-9009-287a69d32741,3,7,2
939edc8b-3be6-4b27-bc0b-038f7525dda0,21,4,0
dd8942d5-02db-47ad-aa6a-a68b6b5e1061,13,6,1
e361624d-c8b0-431e-b3fa-5c678774c88b,16,21,1
3f71548b-7534-4977-9a70-0d802babe363,28,25,2
af7adac6-ef2c-428b-91ee-a5b78abcdf54,16,12,1
b0efe3bc-b359-42d0-9c4b-f1fa1e1e6f0f,12,16,0
a1ac254e-56c9-4954-9e36-1234333774f5,29,15,4
bc446a48-fb60-401d-a192-6465b0f49ab7,7,14,5
28f89242-ff89-40f7-a4bc-3b46c0173797,4,24,4
989ef1e6-df58-4f02-978a-ce1e4e560dae,18,5,3
2475bca2-a6d2-4e54-bc8d-960d79a96a43,28,13,0
14cc2162-1c1e-4b14-830c-2c93b5c4d469,28,25,5
5f184cc0-62ed-4f4b-a991-f780d6980ffd,24,26,2
8448b6f1-3d35-47dd-a29b-4ef2a8faca97,3,23,3
52ba7ed4-c00e-44ef-9ceb-e55eec5139b3,17,5,5
16abfa91-d78b-44e0-b2f8-ca45821a04cf,6,3,1
e80460e7-3e98-464d-89fc-613a678427cb,29,22,4
2d7f7380-3a67-4a31-9c16-14e420df74e8,6,26,4
faeb8b4a-4579-417d-a7f6-6998a9dc7e56,27,23,1
8d13c368-0d66-4f3d-a80c-a33345e9287a,4,30,1
cfa89540-e275-4bad-a214-c81be730a744,18,29,0
ab0c8de4-bb02-452f-9651-02c9ffc8c58a,25,15,5
c5b7a690-e710-4c99-b336-a830678264f2,14,14,0
6f4ff5ae-1e34-4841-a4dd-81a1703f5e72,16,17,5
b6d84d98-6f7f-4447-9e5d-e83de56f9aaa,22,3,4
dcd846f0-a895-4c14-a6ea-20e8c7113e65,29,19,1
514e23ca-9ed7-493e-a3f3-e0a37af15816,19,19,5
5cc1fdf8-37e2-45fe-85a5-4285a71786a0,4,13,5
a1800f4b-bac7-4936-82bd-bf6b0231c146,4,8,0
7630c1c5-1f06-469e-b49e-96090f5cf0ea,2,10,3
646f1ed1-9347-49d4-aa3a-d343da691238,21,12,4
5c2c3718-a937-4e7d-b712-2ddf1a8a0d47,28,21,3
37830fe0-bb64-4042-bb38-bdd2290541cb,15,18,3
6517addd-1265-475f-8589-19c3d480b7cc,11,10,3
9fb8247c-a638-4ff2-9ef4-30665370939d,19,18,2
3ae1f056-37be-4230-8e3a-85d4409f2b12,7,30,0
eb0e5d41-ab39-4290-ba36-0138fa36c635,11,14,5
0536ffeb-a614-4990-a37c-8e18bc716028,26,16,5
41a9686d-dd7e-4f49-b5f2-979725976f0e,13,2,1
9a71df78-d19b-48bc-b5c4-fd1c188e9927,3,9,0
fed7210b-b6df-42fa-8033-ed20f220a7fe,6,2,0
0b4c8e9b-9cbc-4a4f-bd8a-93c6e2cad002,20,9,1
b80e06c1-6482-4259-be9a-dc06b9f89a41,17,7,0
135c73bb-0f54-498d-90ff-74b08b025238,27,18,1
6fff44e5-7717-4383-9b20-a1064f6656b2,6,21,3
80b05587-016c-47ad-90e2-4f5d0f65433d,22,12,5
1a80c437-4be3-44b8-a63b-95f52449c89b,1,6,1
b23f9f69-aa91-40ee-823a-6627f83baa0e,24,24,1
81a1375b-e190-40e1-ae55-a41d729ed6f6,3,29,2
6cecd2a6-ffe4-4a76-b2da-b31d861dc954,6,19,3
45f48c48-bcde-47d6-b053-c9f61fa9356c,14,14,5
368f761b-5fe2-44f7-9e1d-641f356d0e9b,8,28,4
5e256fe0-014a-4db5-adee-aaef6f9aa083,8,2,3
94f485d0-a2f3-4967-8fd8-f222eaf07f12,7,21,4
885621e3-8187-45b4-9205-412bb5f8e773,22,8,3
3e6a30ed-3378-4e9a-84d2-eef380d8487f,17,11,5
f68b3e98-3854-42fe-ac80-00b54b5e3f7c,22,28,2
b4a3a07a-ec23-44ce-bb1b-6845c69563ab,12,25,1
d81138a1-ac55-4cdf-a052-0d2b9428b661,21,4,3
642c6bba-f6c7-48ee-a335-63634152f4de,26,3,1
c406935e-ec91-4c10-9003-6347d9f948ef,20,22,4
45712539-203f-4f59-9834-c8c526bf50db,3,5,1
f8a5dd61-7276-4882-b8b0-3aa61d76486c,21,22,2
bd256f78-288c-4dd8-a968-a814c27d4c8d,21,11,5
7a6a62ff-2836-4624-acb1-c9cc7dc3a3db,20,5,5
b6e836f9-701d-4480-9321-4e1c05353d47,28,24,5
1f535029-8ca0-4a37-834c-bfe61f2e7b92,17,15,0
e3b20b0e-332b-4222-b4cc-68ab26059174,17,17,1
625de87e-9ecf-44f4-8944-de885d2e1070,23,24,1
52401bc6-f488-48dc-af3c-8ea4074f0e1d,7,9,2
c798d194-7d20-4986-93c4-b77741475d70,4,30,5
f1643905-5032-468d-b0c4-39167e862e43,19,8,3
bc48855a-e560-40ce-9c57-fc4aec65f160,19,17,4
0ad3b948-c9f9-4129-8616-9255d2cf8d0c,22,3,0
44f84474-9a1a-4d5a-8e75-1eb93d8d0444,23,7,4
5e385eb6-6276-4d89-97bf-4c0cbab3b09b,16,5,4
902c9c1b-c2ac-4ab4-a67a-83d14e9c1a73,24,28,1
18eb47c0-282f-420f-8919-ecb15a4221f8,26,23,5
b84b9576-6242-4aa8-a1e2-33de7d7b6644,21,7,3
bd2d77a8-d69a-4dc9-b4e0-8bf5c8ca7f01,3,28,2
d28c04c3-89e4-4d3f-aaf1-975993e17b7c,20,6,4
49e558f8-eda5-4145-b718-6b79ec54cb31,15,16,4
ffabec8d-ffea-4fc2-88d9-82932d13a256,11,24,0
17f645ef-2591-45f5-857c-df55fb360cdb,6,8,5
12c01907-e0e5-4eb5-a65b-11ba35583537,24,30,0
d30a0274-a88d-4174-bee5-72d5b3653326,30,9,1
cc301e95-b111-41d6-adec-97722d471088,29,18,5
53b2b94c-6290-4683-9c39-c4a6bbb0b153,6,17,0
f2432a88-871a-4e2c-9483-1d937df127bc,7,15,5
1a0165f1-a585-4a8d-9921-61db3c250ced,10,10,0
6e13e0f5-e0e0-4f80-b160-2e951b872635,30,23,4
53cd955d-842a-4393-8be4-e0fe2be36cf6,28,9,2
b5c2bced-2b91-4c2c-aa16-7d4de8979c70,29,12,0
a029a32b-af90-4ebb-a3d3-018ce1e18821,23,10,1
12a7bc2f-7783-4047-a6ec-1981ea2854f0,18,30,2
73bf66df-37dd-4e05-bc86-dd9c0bc23c0a,18,26,3
dd007f7b-4f6f-4897-b2c0-8c208571899d,6,24,4
5469d616-ff24-4ee3-b10e-664a60c32d66,12,2,3
3eab240d-3a89-449a-bd4f-c5c6bd4321cc,12,7,4
85629f91-26f9-46f6-8f35-2fba3e7163a9,20,29,1
7a15b84e-5563-483c-83c1-9bec19418427,4,28,0
08b8d6ca-e9eb-4317-83b9-36e7deffccbb,5,3,0
5fa0974b-6e53-4885-831a-c32d337d96c3,25,5,3
aa9089d8-5f38-42a4-b310-fa4a46e18432,11,20,3
6a79c3d0-81e7-4fe4-b48b-d44b3f780df4,30,19,2
e032f8a6-2829-4a85-bd24-47142fca49a3,27,20,4
c114f1ce-1727-4a4a-9ffd-3b7f5d974979,27,20,5
27cef7a0-653b-4612-868c-71cd0f8e2ca9,13,19,5
a7f69220-bdc6-48ff-aca4-93583dd5e4bb,14,29,4
ae4b1f0e-4977-4ab3-a231-e60ced030a89,6,29,3
6c3238e6-3468-4414-960a-25f62127bd0e,26,1,1
f3db1de7-bee3-4dab-a1f0-d22e38a02151,12,24,0
bb7d98c9-7359-4051-8e80-1e4aa24ccb47,9,26,1
f9c9bf08-2fa3-4c9a-bd06-3f426259de4e,9,2,1
fcc980c7-a060-45bf-bb0c-21e2695af179,22,30,0
96e52de9-fbb8-40f2-a4ba-a8586b29f71b,11,7,4
4307bcd0-c2a5-4fed-a3f3-b4848af32cc3,16,10,1
55ce9e21-743d-4a21-968a-259c4de0aa34,25,25,5
7c09b309-8a79-43d4-b4d9-2b13047aeb08,10,4,5
f9d2c025-083a-4fd9-aad6-e36ce5b372ba,18,25,0
c3d3cc98-6d00-461e-9c18-18606b9895a7,15,22,0
6ff4c1d3-dff2-491b-9850-36f406619d8b,30,16,3
4528640c-8965-4562-90b4-146c6a58e208,12,28,2
f7c7066f-893e-4d04-8ebc-e19a5997c791,23,2,3
85b2977b-3be2-46c5-9e5a-cb94996c2ee4,18,28,3
3d7edab8-4b5f-4aa3-8c87-6c75d7b83fb3,13,22,2
f9990fbf-7667-4c2a-a028-a87f04f54f5d,4,7,1
19e862ba-1a40-46b1-99c7-ca76c92fcaff,27,25,4
f23333cb-229c-44e4-876a-372e3690fed2,5,20,2
9bf60866-8d87-44d9-bd60-4a162f0178a8,27,28,0
d9db7f3e-a5aa-49bc-b0cf-620e202fb856,1,18,5
2332fb1b-0cdd-4817-a138-c3d0b095b4bf,6,11,4
7bd3a07a-f234-4eab-8df7-292e4a28b029,1,28,1
2e2f7f56-4eab-4f9e-a6ee-5a969de9222a,18,26,3
3adf0a44-2318-4bed-bd94-d475ee98ad39,6,10,2
73b3807c-5664-456c-b6fa-dabb270cfee9,22,29,1
4d7e7c61-2665-4d5d-ab6a-052aa4ba2032,19,21,3
85f5d8e2-488e-45b8-b1c5-150faed9ecb9,11,6,3
a203ad04-e02a-4084-94e0-042e6b6b3dc7,11,20,4
e37ab82e-f428-4a74-945d-9ee4561d774f,11,3,4
998c4859-f073-4075-9cf9-64ae0a651156,26,4,4
8bf26d0b-4ccf-476c-a0a7-dac3a7fb5538,14,11,4
98d6d136-5ded-440f-9b08-60b99d01cf01,14,27,0
99239d54-6088-4338-9d65-5a29e11afd82,26,16,2
61bd158b-60a2-4879-9bba-408fb812b042,23,12,4
b885a546-01ab-4e6c-a6d2-0f50e745eb2e,6,9,1
953a110a-d366-4b8f-8d62-f4b7562c67e2,1,3,1
b3d128bb-a435-4938-ad78-c77196e3a544,12,8,2
0be08a94-9d0f-44af-978c-9456e382fa6a,19,4,0
7824f0ac-7db9-47be-9347-0257116a4092,20,2,3
c9e58c22-2db2-4533-9305-37bc95c2e31d,7,28,0
14b48e04-f0d6-4ed0-af54-79330e4d1776,16,30,3
1c432eab-aead-41ea-b95d-428b7e173c44,22,25,5
a759b59d-d742-41cf-89af-15f92e77efaf,22,5,3
88a20a27-dc37-4402-9373-4f6f6ec7b996,19,26,1
4af386bd-812b-4ffe-840e-26ada7da8416,3,5,2
548e6ac6-a189-46d4-8def-9b5cd70c63fb,12,22,3
fb32e4e3-7ca4-4ef9-b5ca-375bd7d521e8,29,21,0
f2a5c778-283f-46e1-bfcf-7287b36fe397,18,10,5
9c7e45e1-93c0-4971-9c8d-baaf382d9d6e,24,7,0
7bdd0899-6c0e-41ba-a603-f503d57ed237,15,19,5
d75812d2-c0dd-4f7a-9d30-965221260254,10,1,0
8bbd0736-d0ff-4b47-b8a1-841dea9b2c67,24,17,4
e6ee24f1-713a-4b29-af94-82445abe3c6f,14,30,5
37b710b7-ef95-4488-b7e8-306cc655adc6,7,19,2
b4405bc4-c229-40f7-b3f2-6751abe6a276,30,27,4
12fb8975-68a3-4ce2-ba8e-05bd2583b7be,28,9,3
91b222f8-b340-4952-ac89-08e5431ddfd2,13,22,2
91366ac4-179b-4dbd-a4a9-34c1d43b48ae,2,1,1
6c878023-e98e-4a0d-bfd5-a33a0758ba16,22,27,3
15581954-7cd5-42bb-b99a-c72b2b5d2faf,13,11,4
ef3e14c2-0f7a-4f76-a545-44f707bbb43b,2,19,2
0963a788-2a8c-4600-a601-fee0cb45d345,24,6,5
de0e8c9f-0647-442f-9726-18d99850cbdc,11,13,5
1b8c3075-882f-4fa1-8cd1-74cbc6f008f0,2,30,5
8439059c-6539-4c53-8279-0ee6bc66c4ed,11,25,4
9042ca6d-7dc9-4fbf-ba9b-8ba0870e589c,5,26,3
72e92fe9-c1b3-431a-a0e5-fc198e25c201,28,22,0
f2558d3c-f7a2-4178-a5c8-c5321d4e688d,27,9,3
323b858b-cfbf-499e-af7c-ea029e1a2b45,28,25,4
33511eb2-1f65-4099-b798-9c28a8478a38,20,11,2
bda0aee0-5fbf-489b-942b-f72638e98211,12,16,0
35cdede1-c5ea-4e58-8bd6-d5046d0660b3,8,5,0
dbe88b62-3d6c-4eaf-ae45-97a11c4cb2d9,4,19,5
5d13f0ec-18e7-4ce5-8665-8ef286825b45,2,3,5
4e4dda2a-9701-44e3-b175-00382651c63e,24,2,0
2e5e3231-8331-4d32-8e28-46b99c79b2bf,27,26,0
c17d6d80-0006-48c9-a8a5-c4e7d605ba38,3,14,1
05e60ee5-3c7b-4dc9-9a21-2e25b589c272,1,8,4
c86904aa-af53-4e5f-846f-1b5e628e43a9,1,24,4
e6405fd5-2f10-4f19-8a8a-40a8f367f590,26,23,4
5191b312-097b-4513-b197-10287f6db366,4,18,1
df95d463-134b-4e4a-b100-2853a5d971a0,11,18,0
144d9ca0-c32e-4926-9cf5-33fa4b0a9ad8,12,16,5
7918e290-7862-4a44-b8f6-202da3f66436,25,16,2
fefd9805-20af-4d14-8a29-e0e98e2373e8,13,24,1
9e11b95a-2571-4e3a-ba73-5a4d3668e4b6,16,15,4
e67a3287-c708-49dc-a8b0-adbcdda733ab,18,21,2
65b32018-050f-4a55-9218-092563f52e8e,30,8,4
2c6194a9-cdfe-4383-8d61-5100d7193773,28,7,2
e4893e16-0902-4251-b167-44a99733af92,17,18,3
38e6a90b-8c9d-4cd6-8549-277820dfefed,17,18,0
2e99b3cf-b790-4208-8a65-6af65f31dbd5,27,11,2
f302ed54-c56b-4024-b6f3-5a0627cffd08,21,5,0
de45c0fb-efca-4dad-b361-2ca6c3df9655,1,8,4
fc581654-cc81-4ac2-b823-abaa022bae2a,12,28,1
e04c0f9e-927e-4ca9-a57c-25bfb5ae819c,14,26,5
da33069b-bb04-4146-a1a2-7e70ceb82056,6,23,3
b8064697-aeac-44f6-85a8-7cbc763642a1,7,22,0
483f6732-2aaf-4f6f-ac8f-18062ebc4299,25,21,1
963e5685-ca8f-4293-ac24-a8bcfe522f1a,25,29,3
6b97e910-1cdf-480a-ad3d-2d2b0ec14620,18,23,5
a617d73a-1672-4c80-885b-bb175ffea592,9,23,0
482ee22a-9bae-4e6e-a643-a145d69a0e00,22,26,1
8a0ebf0a-3a86-4fd5-88d6-c8805c36627b,19,12,3
8be70a94-c987-4ca8-ab89-9963813eb16c,5,28,3
c029f391-4217-43dd-97b5-0ef6d6d2bf12,27,16,4
b58cb9ef-0974-4741-8be4-d66be31b9321,5,24,0
c5f39d34-9f3a-416e-a733-614e4e8f6531,5,16,0
6895e670-7ebc-4367-bcf5-a7786be31d23,30,10,5
f112ebdb-66cf-46c2-a8bb-ab1d0153a5cc,12,15,5
37ff8f1c-6b06-4fb3-ad57-bcf2f95fa3ab,14,8,2
d2198e2b-3ec3-4a93-aa2e-fbb934f49103,4,1,3
b1c15971-e94d-43a0-b1b4-85d354c468e3,28,8,4
02f85e30-c813-41ed-89d6-bf94df3d5624,30,30,3
bbe68ea0-0351-4c76-b20d-66ee21d0faa3,12,12,5
db79a69e-9d3f-40f4-b4f0-9afc516e90d7,29,26,0
c238896e-ed70-45b9-8e44-171f32a1beb6,22,23,3
0fed7370-a738-43e7-b412-e5ae701e2c87,9,7,3
62c5192a-500a-4465-bc2d-dfc34c0934c3,19,21,1
9856fd82-abb5-4e9d-bfdd-1aa78a1ff005,29,17,5
a717b3db-7c11-4447-be0e-b8eabb6b785d,9,21,1
a538c6ec-3896-47f6-9100-01925b20b11e,3,16,2
5e4e0e16-27db-4bf6-8bfa-4a78c7df9b03,8,28,4
a472d9d2-1d6f-40ba-9fa9-9cc9c9706f66,8,1,3
da5e21df-1c26-4758-9814-2762442e6a24,14,25,4
a9cb2e00-987d-4f2a-b10e-0811b10f522c,9,30,4
7b19d7ad-0791-4682-9a0b-c09d45618609,2,23,3
dd58502f-c60b-4530-9361-6af900d9e641,22,22,2
eb657e2a-c375-418f-b6b3-75cf00129870,17,4,4
3057a4cf-71e7-42fa-9b17-ed772beb33dc,8,15,0
9d5c3151-92f4-4087-b8c6-64861604555c,29,18,4
8d7961a9-6cec-4547-b6d7-e6df4c2ea463,30,25,4
5550e3c4-b81d-4971-b102-af6db5a32cc6,13,22,4
ae35e926-d74f-4249-a349-9f6f87958afb,26,30,0
42673bb0-4675-46b0-ba27-31e1d2cde317,18,27,5
11d8aaf1-8cc6-4479-aa07-d0d6eb69c5f0,17,10,1
360c921d-ebf7-45ef-b6a9-e47be41103cd,15,26,2
c01d84bd-d06a-4bab-a524-2029bcab8dca,13,29,1
d2df4259-eab3-44fa-9f61-f766b26fe834,9,2,2
9e7e9de0-c3cd-4483-b5b3-6edbcb50efc7,2,30,5
c999a626-a6c6-4136-8ef8-a29b60205206,4,19,5
0c5bf058-8033-4f6b-b2bb-65375555b37e,1,17,5
bb2e5d0e-ad8b-4073-b8ab-8159db7e7f4a,19,3,5
4f556bb5-fa53-4cd7-b8c5-627aee884c38,11,4,3
07ccffbd-6588-4f32-be41-cb223bd580ad,29,22,5
54ff23e3-4123-4c5c-8cf4-ec73f0a6d6ff,24,14,2
2e4e2447-5043-451f-a7eb-715407341730,7,30,5
5f117198-c176-4ffe-8b00-f0f90f1c14d8,9,7,5
17ac2dcc-5efc-4368-b144-99882a33fd6d,11,20,3
d8b685e7-ae4d-4720-be27-bc791214f7cb,27,14,5
07e8d01d-970b-4f34-b287-c37972fc0daf,4,22,0
eb3c0454-fc82-4667-935f-f77d2778ff75,12,8,5
9b866437-cfd2-4ad9-aecb-5463b063114f,8,11,4
f717aa4d-2847-42a8-9b26-7309b9c60811,26,15,2
23413fcc-e49e-4eff-b973-61bf5dbabdf8,2,16,0
42146bf7-7341-45d1-92c8-e471ad07255e,8,12,3
2ae24bc2-d74f-4211-9b1a-033f3da2d574,11,10,4
73de79f6-13d3-4cc3-b208-043c70074410,29,27,0
7443efa8-1f08-4009-ab6f-a4fe6f975f6c,13,20,2
f62b3f1d-1345-464a-b2cd-332539dfc172,22,14,2
220ff616-5b7a-4b7f-abda-64c5de66c817,30,8,5
06018680-64d2-4311-b061-b93acede7a0a,17,9,3
a8d9f15a-1228-4638-8a70-73d3313d32cb,9,23,5
53b9b217-45fa-4337-958f-9513ef916d24,26,5,2
751d2d7c-0623-43e1-9a7f-6e5d85ce495d,30,6,2
ed82a178-09cf-4910-8cfc-f991a32d13f4,14,29,3
68ab0b50-839b-43ee-88d5-dbf764a3986b,18,8,1
892dfec6-2532-408c-85d0-135b18826cae,16,28,3
db1d428a-fe92-480f-8bb6-58abeeca4b93,28,19,2
b8fe7fba-8572-4fdf-9c9c-bac33d6bd065,25,3,5
a9b0678b-5909-4eb6-a923-989b619d8a65,16,1,4
79764b8b-f00e-40f6-a539-74bcdebbc5f0,17,28,3
5b9c80c2-41ad-424b-963f-ba64426f95d1,16,4,3
d286e595-96fa-4a3d-a85c-fa13c54c23a7,2,15,0
e43c26e9-cdf0-407a-b1c0-74ccd76c731f,19,17,3
c3030a8f-a4ba-4c11-b6ad-356ef35a8b09,23,19,4
063f0e99-2912-4df8-81c1-d990650e245c,16,14,0
1347a0e6-6eb2-4a3c-9a72-f54c1cb4c4e4,8,7,1
23d6ec8e-b092-4ca8-a6d3-ce34a4f67c39,25,24,0
e48e570c-7252-4ee1-b1a0-f27471998021,26,28,3
c863ddf0-0c3d-4989-85ef-5ee9427d997e,26,25,3
4502ed68-533e-4998-921d-27b41c8088f6,19,11,3
0d4162cf-526e-49e6-82de-e68f12a3e1c5,26,26,2
1768b780-a016-47e5-a577-8bfc7ea951f7,12,17,1
d1d6a16f-a271-439d-9552-a7d99709e2da,27,10,3
d76a5656-c66a-4bbd-9f41-6dbfa6ebac11,1,17,5
09ae96d6-4859-40f7-9b4d-4fbf5713e2ca,20,8,0
6cbd6aec-bed7-42f2-b798-382f18919627,26,3,0
dcdebd73-53d8-4bc6-9269-cea2f8733fce,3,26,4
54f59fd5-59bd-4f0d-b847-d84616c068a4,12,23,4
954c26ca-180c-48db-b4de-51679091a1eb,7,10,5
2d8d0937-8c7b-4315-9d09-52441dd0d762,23,22,1
2a87a4e4-9569-483a-a176-a706e44f71da,18,23,1
afbe9b6b-2ddf-49df-b34e-ce7ec46afd51,28,20,4
33279210-0c83-4cc1-b580-eab9c77e827c,2,11,1
fdc0a418-d9c4-4e3b-a0a5-5c908661e091,14,2,0
6e83900e-b71e-4a6c-9c88-962911786f1a,24,9,1
710591ba-6f5e-478a-a992-0f8335e6da7b,3,10,5
77ecacbd-bd1a-47a4-a05f-90bf590f7dda,25,26,5
e668b5b9-f7a4-4beb-97fe-93e0aae464d3,22,22,1
004fa957-b89c-4c07-9b49-964bf8accd7e,29,30,1
4f51564c-35a7-40dc-a633-d50794dac11e,20,6,5
3138ac15-f98d-4c68-a8c2-ff851c140056,29,12,5
42ac620f-4995-4150-83b7-3615b2939fb0,17,9,5
daa33fb4-47c3-4b53-ad9c-c2449655506a,4,23,1
0110d344-0a94-4d7c-91da-4cf49708bbd3,10,23,5
9f11adf4-b784-49e0-91bf-7373b3da9a09,12,13,0
5c95c4ee-7612-4acf-8cd2-c27eefe81c78,13,2,1
35a81f9d-6189-48dc-9479-cb63a6082bf1,26,15,0
69fe7998-d70c-4871-9f23-1013acd7fae6,9,19,5
dfa47790-bd1a-46a4-bcf9-3fb09e6426cf,2,3,1
7cae93fe-84f6-4004-a9b8-931a1564e7fc,9,16,5
381502c9-22e7-40c8-8e99-a8e63ae50e59,24,18,4
2c26abb1-9954-4562-927c-5bb08db315e9,5,11,4
b6aa72d6-5de0-4a31-b5c5-c4f128a1f531,5,11,4
0c87438e-eba5-46d0-a096-85e0ab09b901,25,11,5
c4c15b74-ee27-4fd8-a6d5-803360931da8,12,23,2
cc6ba90a-402a-4877-a2c1-e6c900e2cdbb,22,8,2
204e7b31-3836-44ca-870c-34b983eb2219,22,6,4
7fb2949f-80f5-40d3-abc5-2616a3fa62c7,11,19,5
35862c20-3346-49a8-befc-477128b51961,17,1,5
b2a0521a-430c-4fcf-9f61-49dec3dbf337,8,30,0
257c1f3a-26aa-4edb-83db-cfae8929d7bd,23,7,0
72fab5d8-0716-4562-bfe4-beb9d90b99a0,19,22,1
64519161-3383-45af-906b-74a21ce4d5f1,21,14,5
0ff2e75f-246b-48ad-a487-f063bdb48105,17,4,1
f5f8ee05-2da1-4f60-a48d-a053ef384e3c,2,5,2
70c5c40a-ea1a-43a8-9c2e-c8ee03cb68d0,26,10,5
3a027ab1-800b-4a51-8985-136eac35b4e7,7,12,0
5eb15f44-e40a-41ba-acc6-bc3698e8e3ed,15,29,2
85cf306e-42b6-4905-97ad-6f70146abf25,13,21,3
57c1fcfa-a37f-4723-a22f-f8f2be07dc2d,2,23,4
786345c6-dcc2-4650-b12b-9d11a7bcf7cd,10,1,2
e2b64328-59ec-4eea-9b45-a88f4e6dba24,20,14,5
4e780737-ff47-4cbe-a044-e6cdb241a66b,26,20,1
c1207711-94f7-4324-a807-2da3fc46f914,10,26,0
7561d81b-ec23-4b1c-8f7e-9b4caaf07bc6,18,10,5
837c3acd-747f-47fd-b9b9-48ede1acb479,13,4,5
daaae562-2f6a-47eb-bf9d-e24f2d9946bf,24,8,3
2120f625-3282-46d4-9355-4bcf8023e538,14,20,0
e006c28f-064a-4c95-ba33-d37a02949ebc,20,29,4
2f5fe9d4-0689-4e57-aa27-66f2aa40d37c,25,15,1
71b54c9a-6a56-4d9c-953e-63ae079a8908,22,16,2
61300455-e667-49d7-8c96-d48633bce6db,19,28,4
c79a35d2-9d8b-4539-868d-319a4aab7f06,18,23,1
726bf6e3-889f-46f9-b94a-d863c2e39fb1,8,3,0
ed2f7cc8-cff5-4345-855a-3ec5993c8ec4,11,30,0
647cfafd-4032-47e1-a5cf-595d483026e2,16,11,3
0c70b004-0e16-4952-bb84-069c9f94adbe,1,25,1
58e52522-df4a-4feb-b559-1ed95f1cd06a,9,8,1
f1f9112f-a6d0-4d11-b8cd-60eac51884f3,6,4,5
a6964819-95bf-4479-9573-3b26f79b1906,30,30,3
e56fe1c0-e693-4a4e-92aa-cfaa21e073cd,26,2,3
aa7841ce-386f-447e-8d57-e610393bc42e,8,21,5
a5d76b2b-1700-4aac-b10f-0eb5e2db08ca,29,23,4
9fa0af4a-042b-4949-83e9-14006d48b760,2,15,4
05e2925b-3036-4494-b2eb-0d2f40611c35,1,10,3
44648162-a604-4713-9332-ff625849ff02,16,28,2
c1da501e-0e71-431d-9a44-836ff2952104,28,25,4
ef637dd4-7b2a-455c-896b-7deb92368122,29,18,5
8070ec79-2e53-410f-9a53-57cc44739664,19,28,5
e9d1fd1f-dbe3-4ae9-9a74-d1924d180b28,1,18,2
e1e6c406-f158-4159-8894-973b2f641592,27,16,5
cf6a163c-ed42-4744-921e-be9f07ccf22e,16,20,1
c93586f2-38f0-469d-8866-0b369e04fee0,11,6,3
c37887ba-ecf4-47c5-86d7-3fbad447b27c,17,10,3
97716715-c156-4f4a-8563-5ad316d65534,4,5,0
71ff61fa-5634-44ab-82b3-5b1fd4121193,13,19,3
b103c495-ce46-4584-943e-440fea3582a6,28,21,1
f799b281-579d-42a5-b346-751448f0b7cc,14,16,4
c287acfe-2761-4d0c-a319-c8699271c7c5,25,9,1
bb346181-fda1-4d7d-bfa3-95bc85adc30b,6,18,5
7fb3f769-9e89-43fd-901e-9e0c0bc58cf3,30,27,0
d4ce3b10-a1d0-4ffc-a1b1-61699016e956,28,7,0
7dbb0105-e5f2-4228-8859-fed14248d3c6,21,19,2
102931f9-58ba-4d07-a2e8-d445b3710a47,3,8,5
4de7f317-5349-4267-978f-b06c4eedc1e1,20,29,2
9c34d9ff-ca50-4c84-a354-18ccd09fe7c9,26,8,2
0bc7951b-3d24-4c79-b6fe-defa1de091f4,5,1,2
84d7da80-2084-47a3-b50a-1ccacd755154,18,29,2
97a071d7-59c2-41fb-ae36-d60b2a2007f2,30,24,0
6338094e-94ef-46be-b71d-181b6f2875db,25,27,4
ad319045-ce1c-4b51-83ca-8376e0f8dafa,3,6,2
b6fac1ef-3c58-4391-b2ff-b327f2a0c7c1,30,24,4
02034a79-a694-4a6e-8c73-b3521ebd4cbb,8,7,0
9fd7df0c-1f60-464d-a222-7d5a28c09266,29,25,3
14d5bcbe-fbc1-49d2-83ab-0386e05a878a,29,15,0
6db0d4de-a799-4109-bfdf-4c61af34dc63,3,12,0
35869605-e565-4f1b-9034-55ca8d883684,17,30,2
d4021e6d-e929-4801-9791-33c95115cec9,24,4,5
ad87168f-0288-43ba-8ec7-69f69943baf3,24,24,3
22f396d4-0ddf-415d-b113-c1c6eda00d5f,16,9,2
9eaa4ae9-2d79-4648-87f2-54ec02da5af5,20,17,4
52dda67b-33ac-4a3c-bda0-ace40d792234,19,8,2
93c8b62b-bcfa-47db-a466-e419cf4c888f,29,26,2
def70343-faf5-48c3-b707-3a810db102df,15,4,2
b646485d-8dcc-473e-a72a-4e3d02186e4e,9,5,0
374895b4-3d4d-48b3-a1a8-8b1e1f4fd7e0,24,30,5
a12d2aa1-d371-4e7d-adea-c547738cd3e1,15,29,0
71782546-9205-4046-8faf-65031c892a6f,8,10,4
343f2048-e7a5-4b57-82b7-afcba5f21806,16,23,5
5b54afe2-2f58-418c-921a-a89e838c1efd,20,25,4
82703311-fb64-4303-914f-c1ca60cb969d,22,30,5
bdb9b830-11ba-45c3-959c-5ace2969a5dc,23,19,3
a4e78b45-27f9-47cf-969e-78a8a7fe8234,4,11,2
6ff94592-686c-452f-8346-609fa99452a9,8,26,3
376b1eb3-9bd7-4194-9728-45084394b086,26,8,1
a4ea33f8-619e-4bf2-b142-bd9661aaffe6,22,22,1
901481c9-da2f-4695-b27a-c51753a8e938,14,17,1
4a31a827-d6eb-43ac-bd1e-6cb1c2064428,27,23,4
378f9f50-f84a-4e85-9a3b-664e661413f1,29,30,4
d9b12719-c81c-4429-b51d-c3a2baa4b1b7,14,16,4
ececbf5e-1992-47b2-845c-5a355fc075b6,14,30,4
ab3a61da-9785-4402-88a7-2e22d79035ae,18,13,4
b24e62b9-a5c1-4c57-98c8-a385e8a9fa9f,21,9,3
3c5161b5-6a2a-4e69-a530-a10979caac8e,17,14,0
d0a3dace-4a6c-4bd4-b73d-18c90bd7abd4,1,22,0
0dbda543-a758-4633-a306-a341cc9c1527,25,18,1
ac1b7b64-5786-463c-a824-0688380d906b,5,23,2
4cf8dd74-df36-448e-902d-686029ff7359,14,18,4
e6c5108f-0327-44bb-955c-3d7e7f5cd467,29,4,0
f071de59-81c5-488b-b85a-268f67cc9142,2,23,4
167441db-5ee1-44e1-8491-9458e060573f,18,13,4
edff0fb8-2c63-439e-b245-776ebcda5c6a,30,2,2
eaf8d583-36e7-4e13-98b5-741e632caa92,11,1,5
795e7226-6652-4d8a-9f2d-0e5fc26b6e68,15,13,1
2ed10442-72a5-49b4-aa0e-1cbb7b1b8aaa,12,23,2
e4e59c35-07d9-42c2-a74e-3374bee3356e,7,11,5
e05e826f-af5c-4380-9a57-a59079e9c652,4,21,4
6489c613-a145-454e-a20e-0bddbb9638a5,4,3,0
e6bf219d-dcab-4f7a-91e6-96bb7be9bbe8,9,17,5
2e21565c-dae9-4436-b4d5-747775bb89c2,8,17,2
6caff8d5-8d66-41e8-9921-8ef6cb95b7a3,6,22,0
9bea4bdf-5db1-48d9-a613-56b0ae32a3eb,12,15,4
6857737a-4d3b-4341-a927-e056aebda076,25,27,5
0441ffa9-e043-412d-8a88-15e848865e23,14,11,4
1f3738dc-6cf3-4a34-b6e9-defb33842369,30,5,0
eb4f0a7d-1304-43a3-8092-64c43af3eb2a,30,7,2
47ab6140-647a-48d8-b2f8-398c6c51ac9d,24,17,4
88107ee1-8f76-4030-ae85-64878e6e8446,2,29,5
569f01ef-1062-430d-a0e5-bc37e1481a85,3,18,3
38b02c7d-9617-4fba-a6cd-23e25d07d6b1,28,22,4
10f58629-0b8d-4d04-9bcb-431ece979bc1,21,2,4
39f90db9-47fb-4054-a2ee-adb3654f409b,12,1,1
29ff6c13-597c-4dcf-bd7b-0c299ad5943f,4,27,5
241440ae-ae79-48c7-9f66-b8e36ffabcd2,7,20,2
ad410f31-4017-4bad-a209-a1a529680e5f,14,2,5
003d821c-364c-4457-9f6d-c406b41a9c42,24,23,2
d49aecc9-3303-44ca-bc61-ab82a0c10396,5,24,3
ff99dad4-ee7b-4ad6-af16-9f873453f55b,21,21,0
2d5c30cf-2857-46bc-b6d8-d998487cb63f,26,20,4
e6165c94-9502-422d-9d42-9b107608769e,3,24,5
c184a0e1-1f65-4f70-97ba-708540ace267,16,14,4
24e1fdce-c91d-48ff-8d73-e1364d022f84,15,11,4
69aceadc-8748-45de-ac02-e8118482a349,13,18,2
2d65ffb7-39fc-470d-bdfb-965ed6e0ad4a,20,24,1
18b89809-07fc-4d45-896b-978d599061c9,7,8,5
dc4dab2d-60b3-43a7-a756-75b82deb9fd0,23,17,2
d12f266e-b82b-4699-b149-da848e795d55,30,16,5
2ea19658-5298-4230-9234-68c4d2b7bb01,15,27,2
ab44ea52-8cf8-40a7-ada1-4754fb305d34,26,20,4
4f2bf8f0-d257-4f69-bb12-5610370ea144,26,14,2
5a10c5a6-5bc0-44cd-8229-90b7b104b281,1,3,2
026d0fa7-7371-4690-b599-442b4a26b727,2,14,5
02809412-625b-46ef-a4a8-b22943c68e00,7,11,4
08e6f6f2-6f85-4357-97cf-dfb462073625,21,3,0
0920a567-4378-4340-b7b4-9f8ae61bf3b7,4,19,3
6cee3c55-6fc8-4f22-868d-4de8fb5fa2e4,22,4,3
83b0d8a8-9c88-4131-bb4e-c5cc2be484f5,24,1,2
7fe6847f-9cfc-4a4f-ae4d-2e1ed8b6ce11,28,12,3
056d58cf-3667-417a-b1f0-4632bed05a36,15,20,3
06a585da-b2fc-4b02-8f3d-b4b4e0976779,5,9,1
3e7c80bf-9b22-4c4b-b62a-a248ce96e3ea,1,19,1
7b16743d-2530-4ea2-b2f6-748c76ec2e88,10,25,0
d1e17605-08dd-4043-8d27-ad4684ccfc8e,25,21,4
97a48469-fe34-4696-9385-e6cb3fa5bcdb,26,28,2
debe98f6-0934-49ae-aa31-373384a795ec,3,3,5
07052e4b-b4f3-47db-b315-9b78bdb7b9c7,6,1,3
f93ffe19-f9d6-4e42-988b-8c699101af75,5,2,1
aca00110-deea-4ecf-989b-46ecd6dc4d22,16,5,2
00432834-fc77-47e9-8769-843bc1d4c7d6,25,29,5
2f0cc601-c946-42b4-b2a0-0f5082931bff,12,13,1
77243534-6ace-43bf-bda2-b97251da7013,22,8,5
15aba8c9-ef42-41b2-9fdc-e2b4941df0c4,26,15,2
f757079f-9df7-4160-802a-0ad75d4a19fb,30,17,1
13cbb724-052c-4747-99df-be7c7fc5a6b7,28,28,5
36f4ed30-54fb-47c1-a9bc-b3a470316396,5,13,0
8a8804d6-2525-457e-961c-1a602ec2b847,6,2,2
83ec3ca2-9460-45ea-a0a7-675cb9230e2e,3,16,4
7f5c4e0d-4dd0-4941-ab9e-405e8bec68ea,28,7,1
113fcdd4-4561-4b20-9ec3-c8721fa1effb,12,20,2
4c3dfe79-095c-499d-89e4-753a9a43ea97,10,18,1
7da3a720-d691-497c-88e7-4e0ea5f95ebd,10,18,2
7e96ddd6-cccf-45ab-a889-8392604d58d3,16,13,5
58f40f2c-1505-4942-b7a8-2d995056e621,14,22,2
ce12ff15-0310-4618-8623-fd3d1804d03e,26,29,2
3ef4fdd5-b3d8-4cd4-8117-81a2f25be8cb,12,25,3
c6118d83-4ed0-463d-8e86-0b47a03806fd,25,5,0
77e118cf-cb17-452f-8594-009ea9ea1b1b,20,16,1
6cb19d32-a473-4144-9ac0-adb9f0586aeb,18,13,1
bd89ff65-58b9-4af3-a04d-511d1f23c3d5,25,5,2
c2b1164c-acfb-4167-af49-d2e4e1724c73,24,20,0
a69edb1c-3173-46f6-9da7-386c322de8b8,27,21,0
70a6dc80-ea37-479d-8797-b0fb80a0fdd1,5,12,2
6b5e1be7-81be-4ab9-830f-14e5cbb0e84f,24,9,4
2edae463-c4bc-458d-a697-c4bab133b598,20,3,1
1d96dc7c-cce4-41aa-9f9d-40f466461eff,17,24,3
99c73df7-2c2d-4804-814d-71f1a6af5e38,28,30,0
7f14c5f0-0777-4c41-b91c-cd16513a58c7,22,26,0
5775796e-75a6-4c41-a376-914fb0b8caa7,25,12,5
2940d2a0-c640-4480-9621-c4cf9e9eb47f,27,27,0
5e54f578-f12e-402d-9ab7-9640ca8a4f4e,1,24,3
5c8ad007-db64-4366-80d6-6c02d0b495ce,24,21,1
9e14a0f6-24fe-43e5-86a8-ded96831bb8c,26,16,3
f9ab5bb6-c7af-40a8-890c-dc8142296398,7,3,2
77b5d8b4-5998-430c-ae51-5b4cee4a26dc,25,4,4
ad68885c-9b25-4102-8757-46ce401665a9,24,30,0
c5797775-70cc-47c5-8420-8590c2fa66c5,5,11,0
7a6079bf-42a8-4d26-ba2f-0779f5354296,2,10,3
fd0e8e1d-595c-4e06-aafe-4b885417217d,1,12,4
935c00d0-78ba-468d-aa2b-b4d65ee6deea,30,19,3
8043f3fd-2f8a-48ab-a980-f32ca487e1ac,4,1,4
52f7c907-60f1-489a-9e7e-982f41841f23,17,8,3
033f6829-8d6c-4bf6-9f33-1d41ef8c9dd4,5,22,3
ef889b16-cd6f-4056-896e-08c1f70a1109,12,13,2
72a26178-150f-4374-8a3e-2fbdfa5e902a,16,20,1
e93ea6fd-535a-44bf-9549-ff48fa90c2be,26,2,5
b11fb49a-1b7b-4ca5-a625-ac69ff1940eb,12,30,2
fc7bfd38-4a78-46a6-9262-81836cc8f98c,14,27,0
c562e388-be5e-4a2f-aafa-b3f99bf14cfc,21,2,4
288f955a-4f11-4ec9-ac6e-2c5f6b819d72,22,30,4
683881d8-2991-4e20-960a-7222840cfcb3,17,22,4
38b6ffd6-0939-4f30-a90a-500a8e8b728f,14,18,5
b45ed1fb-56ea-491a-b11a-7cadab8f2b10,7,9,0
ffb3259d-ee36-4772-856d-4e24afcbacad,24,21,2
5515e2a4-c5cb-41be-8bf6-9d8ba329370c,25,26,5
ab46ce3a-8ea2-4b06-a17c-c7662d4344d9,24,30,4
60e66300-3f78-4a73-bb06-63fefe4da8d5,15,6,4
dca056b9-53ae-44ed-a82f-63057bdc05cd,8,17,4
11cbe472-5768-4a06-b5a1-3be7f5dcd5e8,12,1,4
904d7311-a283-4976-8e40-00d7b89bd78b,14,24,0
1be05039-af22-41be-9ee5-c167a14081ad,28,13,3
717da4db-76e3-426b-b633-4dd8f1835cdd,29,30,2
ece82ef7-a56a-428e-bbd3-6cf543be4d6f,27,29,5
52aaf88a-427f-4710-ba68-bc459b774819,16,12,0
c28fbc23-8f76-4372-9f1b-6b98fae10ed2,18,20,0
9db32ced-dc64-41b4-bf80-0859fca10c3b,17,30,3
28730eb3-d8ec-4894-bdc1-c9d4e3805163,27,5,5
289a6099-b4aa-463d-b2b7-046c361ed905,8,10,1
30cc445d-54d4-451b-8a12-18f7bbb1af54,18,8,0
66e22795-42e1-4aae-9939-55e45a08a9b2,23,27,3
1f2ad691-3172-42b2-96bd-925aa1a3cbbb,2,23,2
f8182e82-a598-4611-97ef-0041334b8e5c,30,13,1
551bc9fd-7e3b-4855-8466-aacbb3e6b1a4,11,24,0
c5b5e7ea-7460-4da3-a462-31814e439c61,29,20,0
ebfafd77-3553-40ef-8544-7d18787c51d9,8,14,1
2f350016-d475-4460-a353-e11a87efc188,10,5,2
15d4bfcd-50cb-4027-9f7b-7aae1771db97,1,11,1
f75dbaee-1a37-4da2-96b8-e0d3a1e5928a,23,2,0
f49de5fb-9327-485d-9437-863142cc8d6b,18,22,1
1c51d0d1-88ef-4be5-8672-2a9db513e31d,12,18,1
ed1e1f2b-92b1-43aa-9797-15a97ce2eff0,29,28,0
038dc002-0ef7-4d9c-a4f7-ae6fbbf40e4a,1,10,3
ec3546f7-7c8e-4c92-95b6-d3748fed758b,23,21,5
fc8141bd-5f43-4af9-89d7-54f544e25c1e,18,8,5
712237b2-3cd9-45df-8e70-adc2bee965d9,26,19,3
d8347a93-5d7e-4e75-afe9-2a103c54fbae,24,6,5
1fac8fed-5112-4c07-b83f-d9885823d434,17,12,2
723cadc9-311b-45d9-b585-212572cbf94e,16,20,5
da707a06-4617-4363-bbfe-63710d5fc9a5,26,2,5
3f5918ba-06e9-495c-905f-359e961620a4,28,5,1
6f846f36-7cb1-45e0-b26a-17689aaf9d0b,20,8,4
a9584cfa-d82f-4da1-a57a-dc1a988eadf8,28,10,5
ef496fd4-e79f-40f7-b5ba-641744466bca,19,17,4
cb19b80e-09ac-44f1-bfba-18b6d0875bf0,24,30,2
6720f121-d266-441b-b474-fcb9e37bbfd9,12,23,1
ab06ab8a-f323-4489-851b-37ae45d5915f,6,10,1
416353cf-2f45-4fb4-83b1-85fb9ca8917a,2,19,3
c6eb871f-f8b7-4b2a-a7fe-af5a2ee57d4b,16,1,5
e6b927bc-1b76-458d-93bc-fcc3562b6205,26,8,5
b146462a-26fb-4ecf-b8e7-8fc19cb26531,8,16,0
88725f97-2b3e-450a-8104-e98a1cc7e461,5,9,5
9281b518-7222-4e6a-bcdf-7b8757bd1fc1,30,19,3
c1d7ab4c-59fa-4c03-8814-2bbfcc0ddd8a,11,9,5
be8bd63c-549e-4cc6-b02d-4ad2bcb7320f,29,28,1
20fe217f-3b19-4f38-8322-d2f66fa8fade,3,19,3
3c52be99-0c6c-441b-b90a-269bc3d1f852,8,9,5
48a75cba-d6b8-413d-ab7c-2f943e56ccf0,2,22,5
12692844-c635-436d-9811-4a1128c5ac4e,28,19,0
bf486ac4-e65f-42f7-aa59-b03b7b0b4359,7,7,4
25cd7de4-1d21-439a-8311-e0ea7e66afbd,12,4,3
83d148f6-238d-418e-9437-f565c7691d80,1,22,0
4effcb7d-b210-40ad-b085-1920f4a22bbe,10,16,3
99f2fff7-5410-4038-b650-e60b990a3642,2,18,5
e6f9f163-f644-4334-adbc-f7a1e0a1d647,28,23,4
bb82179d-6f04-482b-8823-eff195a95f3e,29,8,0
8103905c-b60c-47a7-a3cc-f9e5a32d188a,6,13,0
fa3f8f09-309e-4b04-ae5f-6a9e19a7790f,9,19,4
84114814-3a20-490a-a630-b08022a11580,28,3,5
80848464-3d7f-42b1-a2fe-f739c17b8fc7,7,1,3
2bbcabf4-c611-4b36-9555-0200b5bb8b14,19,25,3
fc442c39-dd4d-422f-a67f-73fc8e3d824d,30,18,3
86051b30-4237-467d-96ef-d0c04164c954,13,18,4
e20c781a-6646-4290-9bce-50f57ebc49f1,26,17,0
d04bf83e-927a-404f-a128-6f29c2a518c0,22,23,1
b83820ef-292a-4eec-96b0-db5684d47b55,20,9,5
a7843316-f3cb-4819-8d75-85670290a409,4,30,2
11cc8f86-54fa-4892-9946-b3f8e23a1d04,1,10,2
82798d72-d26f-48c9-bbc2-440a363f1546,27,11,2
c4880042-bc25-4876-9e28-01a12c31224a,11,28,0
10fa2e7f-a898-4306-8019-41927c547c46,13,12,1
398d3333-c74e-44a3-98f8-c6bc633d8cc6,25,28,1
d2c23616-a4dd-486d-8564-db765dab3141,8,19,4
003771e3-1474-4d59-b669-3caba5e40a88,12,1,3
fb252aec-c04d-4fb0-a3af-693ef792b67f,10,17,2
64ef1c56-9b13-4305-8ba1-224506a0e2b1,3,8,4
4ec05f23-8ef8-4eaa-8ec0-bfe18a67c7f2,19,15,2
fa7ab136-ffa5-4478-b6cc-99dabc5c157c,25,27,3
1aa1c801-3466-4864-ba54-85cd07290991,25,6,5
60881d6a-f1b4-4612-a764-c3deae305138,9,28,0
2b5af9a2-41be-4e05-ada2-56ec8c98f07e,15,14,5
9e4aa4a9-54bd-445e-bafe-424dde4c40b9,10,7,3
6f92d8cf-e45c-4df3-a608-9f2462443375,3,18,1
9cf2a306-e41d-4ae7-a0ae-9f6991e5ab76,28,18,1
ffb87e45-f7d0-4d99-a9bd-50acdce00db9,14,5,0
2c579ba6-5583-4d2c-896b-e17d5c15258e,16,9,2
e15d1291-d07e-4406-8bfe-bea8c555707c,13,20,3
9992116a-cfe8-4f26-9b15-55f4812a63f7,29,15,4
5ea4e92b-4090-4b63-8e65-499dbcad0bb8,16,9,2
373f548a-d17d-4b8f-8359-a4420c183353,12,29,0
6039e2c6-4abc-4ad7-8263-10fbfedaa008,23,2,4
32a1408d-c34c-4f92-89f0-84ab0600d74d,6,9,0
b1499ae4-edc9-4077-8c11-a3fec394ff17,6,3,2
311f12cd-91fe-4271-a8b9-c6dc4c9c9b51,15,29,3
5bbc5917-2001-4e3c-944b-a4ac2b064233,4,4,5
31069d96-662a-437a-82da-99029ec4e4b8,14,30,0
b92d853b-bd1b-4c46-9165-d33a689795f0,4,28,0
f0a3d40a-888a-4e38-a37e-73d5ea1c23ca,24,14,1
b4e39d37-5858-47ea-b7c2-2fb37839b048,17,13,1
a60ac81f-1f01-4d20-9c49-404176517345,12,25,2
b13ebc4e-adbe-4df3-9d8c-6b506231d451,15,17,3
fbd6048c-15b3-4099-9c01-cce7dbaf79be,23,26,3
ccea2aee-d902-4b4f-aa1e-3a8f50292f58,16,19,5
240e43d5-ff1b-4071-9689-697994f8a69d,25,14,3
57aa6794-e8d8-4b80-82ec-70d1a5a8dedb,3,8,2
ebbdb7bd-d7a3-455b-9f45-38229aff8eff,29,14,1
883b80a0-e896-4a77-96c9-9feeea65e21c,5,15,3
db7a24ec-8b3b-482b-9452-01ea06ab82e5,25,8,5
dfa4b11f-8535-4022-8aeb-79bb401cb6fd,18,4,4
4403a053-92c7-44c3-9ac3-95d5b1d7b9ac,23,13,2
04517ced-7b09-4ac8-80f0-bbc1f74f17fc,27,27,2
e7219cf2-f8f9-41a2-9866-f39bb9adfcf6,10,13,0
9ec0c901-da5f-4b97-9c3f-593d55696990,17,22,3
fbca2164-6d78-4481-9ee3-9a517a7ce27a,2,9,4
b92fd014-759a-43bb-9752-d4cb72f12988,16,14,0
27d0a46a-b12c-43d4-bab7-a903cffd527e,30,10,5
08cbb79f-b0b6-44e2-b793-d66db18b26e3,4,8,1
76d0b7e6-a643-46b2-a87d-1c88238ebead,26,1,5
51b52a95-e7df-4f42-b1b1-518c4237a42c,21,23,3
60a1feae-78c6-4c94-a335-29fcf5c17504,17,5,1
a7a3b86b-5ab8-4fe6-aa76-31777b80d375,11,9,3
37a1d8f6-b6b9-4328-97c3-3eb94d84f74d,3,8,5
be337428-035d-47fa-a09b-54409aadea51,7,18,2
3682db67-730b-4f3f-b73b-b42b72bb4ac5,18,27,5
e1735391-3c69-44b5-8a41-f9bba07b4516,18,25,1
e375f93e-f5bd-4a1a-900c-58c5383899f4,27,18,5
3fba2b4b-71b9-483f-91b6-08d31bc664f0,2,24,1
78278231-d75e-42e9-a473-02c6d1c3b4d2,22,22,1
af3c686d-1dfe-45b4-a636-ceab4cc30520,2,25,4
7eacc153-0e2b-4b1c-9df3-1282fb56d783,7,13,0
b874faa1-27d0-4abd-bafc-f3d37aad407b,29,11,2
749578a3-0044-4791-99d9-a3e0ada3d6d1,30,20,1
22d6fa23-36a5-4d8e-ace1-d5dcc8ceddd3,25,27,5
992f2244-a93c-4d09-b066-c43f295b1502,7,13,0
6bae948c-2d0b-4eb9-b2d2-f8e3d52d795b,9,1,1
513aabda-42c3-4336-b461-954444eef738,12,29,1
65d7fa62-b27f-4a14-b0a4-978ea841e770,3,20,1
ec53ce56-e87d-4c94-9764-6f1e75ceb818,19,11,5
2468896c-be60-4bb7-a094-08876fc0a193,22,14,5
c2156c66-eeee-4563-b5d9-ec8441adcf82,18,27,1
aa484a0d-47b4-4de4-b633-06aa39786598,6,26,1
c7b4aca2-2747-4292-900d-5ffc56f3d82f,5,11,0
44d286cb-0816-406f-bdae-4f53c9b118c6,17,7,2
6c0b0460-58ca-4093-a3b2-4c417363f736,3,5,5
3c479e82-19c1-4ca4-8b6f-b552cbd84f8a,20,1,2
b1136e11-e491-4ace-a313-155ff674a7b3,21,20,0
18da9b50-0ece-490a-84d6-f1237a7035e3,13,20,2
0853c046-ab7a-487d-9655-0ecfb351822e,13,16,3
edbf28a4-c826-4a11-9128-3d7df3786264,11,10,2
668427b8-827a-4417-a1a9-6876b164a416,7,27,5
83e19669-0150-4fa6-87b5-f11537dffe33,9,11,2
bcdf0bba-d42e-4943-9745-2a8b6b5fa952,9,28,4
144fc5ac-0cea-4d11-a9b8-1549cbd555d4,22,23,3
62b440fd-d847-49f4-bf39-7a11f5218174,14,26,4
9b88f92b-b4cf-4199-bc8c-4aba7a2d65cf,23,17,2
be182188-c829-474c-ab6c-5480b273b458,4,24,2
969ee0c4-b5e3-42ad-9a12-9c4601383f7e,25,10,2
aadbd8fd-1c61-4970-9b4f-95bd2abb9872,1,28,1
955c50c5-b5e4-4f0b-8924-a495b38d4a2e,2,15,2
377fdd57-6920-4d73-84af-4987f37fad97,14,25,0
f70f9f8e-6a7e-4b10-9a6a-ce63b667c8a4,10,15,0
72649cd9-a077-4c23-8d0d-662b23292e46,6,20,3
c8404bdd-aa51-470f-8b0f-e52ffda97f05,16,16,0
22f3147b-e574-452d-878b-0727de284784,9,10,3
1647dafe-3b57-4131-b891-148a0d347eda,12,2,5
0f6a50d2-0a91-49e5-9191-b1d5263c5b77,15,22,4
45429e56-d57e-4713-b4e8-cdc361a8a713,27,7,5
67d12bae-ceb7-4770-9df4-c0c954ab006d,5,25,2
8bbab083-b58b-4453-814a-65b557653606,25,14,2
f0db5b6b-4e0c-4ae6-9086-0e0c6045ba03,23,11,4
ce338592-9e49-4287-be8b-d1a9aa7ca77a,26,6,2
8be68f81-85dd-49e5-99c5-aab12c65112b,6,27,2
4ec6139c-75bb-4494-bb13-7ca5a542fed0,30,6,1
75326abb-b7a0-4c50-8646-161433b00ddd,23,5,1
b6d076b0-3b4a-4b5c-82ab-6bdfcc93d704,5,24,0
f5eea663-e0fc-4fa9-a0eb-ddc5fd0fc63d,29,20,1
9679a06f-ee07-42ec-b9e1-20fb8109a9fa,15,28,0
a78c051d-15a5-4fdc-bd81-7c2bc1349a81,14,25,2
2ed8a53d-bf7f-42f1-9bc7-aa6e2ac35b99,22,9,4
f71904be-6f47-4208-80b6-72982e7be5fd,5,12,1
88d20784-fa62-4718-8c97-6b458e703939,23,13,3
02d1349a-6914-48f5-b81f-309c171e9c43,27,13,1
62629687-cc08-412e-a2e0-03d8cc809f93,11,7,5
9b232994-cc98-4749-8ed2-db04c2788e23,6,24,4
2e35112d-6458-4c0d-878b-ca9a402d69ba,21,28,5
ed526d9b-6afd-4e99-8183-a7117abd7b87,14,3,2
0960e958-6096-4122-b693-fd88a1e3184b,28,3,1
e2bd0172-4ac3-49a7-9783-8acf52a865f6,6,20,1
7b13d889-7d10-4094-99a1-8cbd11425f2d,17,26,2
9d310ef9-2bb4-46b1-8163-cdbe40b2b634,2,23,2
9661cbcb-66b1-48c7-9931-7b8e0c37a487,26,29,2
8afbd961-24bb-4e34-87c8-fcc8ffe9d27f,3,17,4
60319a44-96d6-4f0d-aed0-5c5231c3da11,16,23,5
71d83ee4-8904-4014-a6fc-e446a596f0c0,19,24,2
69245a2d-7b30-4cd5-8560-99d97b85cb7d,1,6,1
e6ee3755-eae5-440f-b6e8-197444e681c4,18,26,1
2e3810a9-e5e7-492e-8b2f-f3ebc93e7f41,3,21,4
c6f9a5f3-948b-4bb8-880f-b5e1697cd015,21,29,2
de323f6b-c777-4d07-ac21-f4f3b1ced9d4,30,3,0
b76dd56d-6910-492e-92d3-53e96ed23bd1,16,8,0
c231706a-dd89-414f-a280-dff8bb98cd67,29,23,0
3a408c24-deb2-429f-95bf-378d910be754,21,22,3
cef20031-3e2c-4111-af10-4ee79dafcf95,11,28,0
b34e6cd6-c0e8-4b9c-a5e6-d54923308abf,17,26,0
d694545b-7b87-4a15-bdff-e1e54d528b44,24,6,5
a961264c-a8d1-4bbd-9d93-aacc640ffc22,24,22,5
04257060-d580-41bb-b031-1b25f750945f,18,28,0
7b6456de-0b53-40c4-a1b5-3a69bf1e370b,27,22,1
43d87fd7-79fd-435a-8f3c-f1d35a880671,5,6,1
d712470f-ea64-4623-91f7-5dc8a2c72f99,9,28,2
1d71017b-49df-4b09-ab46-2326a8ac3013,11,6,1
9862c3f5-20d6-4602-838a-4074e69c03cb,21,1,2
47a71da3-b734-4ecd-b3a3-68f585688f43,30,18,3
a576a85c-accf-425a-bec3-2e7d23bd42e9,26,21,3
fdb6c22c-6952-4dde-9b8e-de8332eb6f1b,23,2,4
aa467464-6ab0-4915-b61f-5dcb7c074ad7,17,11,4
f8beae3a-344a-4c9e-834e-2e315318b280,24,1,2
5e2fe988-03ba-467e-965a-f6eedb00a681,13,6,0
1caa79ea-11df-4066-ae4f-c59c489ec932,22,1,4
7c68c360-7d7a-429f-9d7f-224d9bae26cd,8,14,2
034c4874-ce65-4048-8242-6f81bfc08f0d,14,23,1
bc7526f3-2de6-4e6f-9794-6c9b9b8747b2,14,7,2
15da1d03-fc58-49ec-9c33-93b1bdd8b013,3,22,3
ac897708-e7ab-4e56-af0f-9b1008543d31,26,1,0
1aa9351f-3c61-47fd-a356-1ea1886c211b,25,30,4
3d23e833-8bfe-4022-ab6b-10dd5f91b49f,14,3,0
2545bbb9-d1a3-431c-8df5-33c1683008a2,11,4,0
b1ff58d1-8a64-4b66-baf5-485982b79667,13,27,2
68035571-2476-4cb6-9948-5fa4288b377c,3,17,1
8020f57d-94a3-413b-b3ba-e036f23bb237,23,18,1
8e700739-372e-4c27-a7dc-a75eb62ccfa4,27,16,4
5ed464be-7c3e-4ffd-8063-ef361852f477,10,13,4
76ea64be-c1f8-49ef-8e9f-87bb0c2a49d4,3,19,1
4efe099e-f549-423e-9344-e17df0b740da,18,10,4
36fc4ccc-1259-4235-b303-c98b71855686,26,7,2
1303d70f-b59c-4148-8efa-066f54811035,19,9,4
7199a09f-fc96-47ae-acfd-081a31cc1104,17,14,2
ba980e99-f003-44ed-918f-f4527591bab4,29,28,4
0b96dd58-f867-462b-863b-484c61dd9976,23,12,1
e7229a75-c360-4513-ab99-9c735f5f0796,8,13,3
344fed27-4587-4628-a269-bd8328e19a60,20,15,5
3a1fa37b-014d-4b23-a89d-cf5345df5a5c,7,29,4
c6c36d1d-e518-4e23-8046-a87be41420d6,7,16,4
d19ad3b3-ee60-4a9f-bbca-39d2d08afc9f,22,15,1
2bc4a9af-c3ad-46f7-99c0-810498aa2d07,26,13,5
a59f7869-980f-4dac-9f1f-6eb67210591b,16,10,4
8426fca5-ed27-4f98-ab43-2bf9d0827937,20,27,1
f66dcb67-1c3a-460f-9f82-44222113d664,27,5,0
277d534c-9e02-4a84-8feb-756bea0bfe0c,4,7,2
bcf3ee60-6d44-46dc-ac6f-8e6df9cab36d,27,6,4
d4c7e169-3728-44a4-9629-21c1070c4165,2,12,2
30b5db33-4c6a-4e55-8983-f101d30d68d1,27,27,3
d52305a0-26c9-4bad-92c0-5b86f932a1f3,22,6,2
a89cf387-330c-4e3c-85eb-6ee959429275,15,9,0
d9d860f9-c379-4d54-9bb2-35888f3695ce,3,7,3
2f420dd2-24aa-4443-81fd-39d50a411a02,13,14,0
aac01bdb-90d5-418a-97e5-1d940a537f10,11,18,4
24c6d647-16d3-4167-bded-6eec794cb071,28,12,3
090c36e5-cd1d-4d50-92c0-e6c4c0303aea,22,27,3
ddf88295-d01a-4760-86f1-f8747cb515ea,6,30,1
168f5993-0d46-47eb-9ed1-d14954573cd9,13,28,3
432e18e8-71b3-4af2-9eaa-07c798333baf,11,11,0
a56be5ff-0a3a-4304-9d56-aa7580d065b2,17,26,3
f3d39e8c-c3cb-414b-b721-306819ed16ad,16,13,5
d4706e2a-3774-4e68-871f-07e991dd06fa,1,25,3
ba2c403d-3bba-48ef-81dd-6ca232ec6e55,30,22,1
366ffbad-270c-49b4-88b0-6c13d980676b,22,6,0
a6dd4877-4785-49db-b11b-9abf32bd3719,1,23,2
2a45c3ba-ce14-4d70-bf5b-176163dc1eb1,13,25,2
5e575f40-e722-4a80-bdf7-8e52f658d73f,21,14,4
14b24344-6a0e-416d-a62a-6f84f2870823,3,28,1
4dff16e0-ba96-45e2-b214-2c490e9394da,7,15,5
063eed6e-ff3d-47e5-9fb7-6cba39db06f7,19,22,0
639b5ab7-54b0-4490-8299-a63b228a4d82,6,7,5
fb615cf7-a5c3-440f-9577-689e2fa00e60,8,23,2
bfe6d91c-da24-4fc3-8292-01eeac5eec89,16,21,4
873bfa25-1d79-4325-9683-b18cb129a164,3,10,3
9d9f9cc9-ede1-4cd0-9a7a-338c2bae6557,16,20,1
e5d2e0ad-42c7-4d8d-9859-c9d60c9510a1,24,2,0
32f3c51c-444a-43c4-b270-46d824bac568,25,20,3
d3bbd5da-a883-42ac-8dcc-28d8d2dadc79,18,16,0
1bfab4c5-6ad4-4478-953d-5e196333115b,17,28,1
c209cafd-3a5f-42fe-8b81-db1cf6470c49,27,13,3
0ecdef38-e46f-4ca6-b476-493f83a50471,28,10,0
f3d72080-bd96-47d3-acdc-2624921f6870,23,8,3
c1432581-1a53-4a99-aaac-7ecbf4448398,12,30,5
30f489c7-8a1f-40ac-a643-5c6741f7fb13,26,15,3
f2201452-67cc-4b5c-842c-7b270765083b,3,7,2
a300b8b4-d27a-4b5e-8e9a-8fce5b87c2f4,25,8,0
b4a0269e-4233-4f06-aa1f-a1351857ef9a,3,26,4
581a0f20-33d2-4826-8a10-ebd5ecc8b975,26,8,5
af939041-a5fe-42c6-87f1-b71c7d143320,14,4,4
7bdb29f4-4e0d-4407-9ed4-8556107cd094,21,15,5
6d940c0d-9bdf-4566-b277-eadaff3c3849,20,1,2
108ee7df-cc56-4bd8-ae5a-40ace42224a1,3,25,4
0a1783ee-dc71-4b59-ac29-051d6e93ce1f,4,27,1
f04e0e42-51e4-4702-aba0-016703dc8738,29,6,1
7b75e823-b8ee-4168-9061-737993878c8e,14,29,1
95f96593-4d2c-4dc1-91be-4eaa60dec15f,17,27,1
1179af5d-659b-47b3-bf4a-f6ee962e96f7,16,14,1
b2fb6304-d0ea-4aaf-9720-e1ec2c6a62f7,10,3,3
85e0d9d1-d357-46a8-bc22-0528a8389a3e,15,15,1
73e36f5b-1611-43b9-80f6-428ec81efbb4,26,13,3
b25e2423-b064-4155-92dd-5cbef92fc64f,7,22,3
d55d5177-3c5a-40cf-9d20-930c5c410d89,17,19,5
53ac1116-1929-4795-aa00-f0c9ca22f117,27,17,2
21b50500-0b98-49fb-b625-de349326808a,20,17,1
99efa1b9-fe96-4db2-b41a-e7058cc5ec57,29,11,5
3712942c-96d8-4a7e-a852-9dc710048933,17,8,2
eed0867a-c6f0-4c35-a849-a6bfe6299993,23,22,4
e703a7e8-33dd-4fba-9426-246aff9136fb,14,7,5
1d4c9910-fa00-4bc1-8b04-d468fbd5c335,18,27,2
3a0c5a20-677a-40e4-87cc-b63017264182,17,4,0
a6bb25aa-fe45-471f-9aff-f434123c499c,1,17,3
7fb858e5-d10c-457c-a9fa-4e5dfbf5e44d,20,1,0
4f2386d1-463b-4d6c-a466-e51a333c7bed,25,18,4
606d56d8-da51-4650-a563-fe70f35a8522,12,13,4
85317051-480a-4b5b-b107-6a2de04f145a,16,13,3
b69d51a6-d535-40c8-80d5-bca6a73b7e1c,30,28,0
8d979df1-fbf9-4df8-bebe-6c1d6e3a3c8c,2,12,3
f478dfa6-2f8c-4aa5-9074-e61f7712b4b3,3,26,3
e20e7991-08ca-45c9-950e-6b16dbd3ae42,24,15,3
e19b4747-6d66-43ec-a703-d2ae542ae8aa,29,5,5
c1fd1aaf-2e54-4547-94d2-5a6d914f7cb6,1,27,0
b20d2a05-d62e-4174-a8c6-72d3b3d82475,28,19,5
0b6df7c0-b3a5-432c-9731-aecbb48339c1,25,12,0
f6fb88a5-70a3-4a72-8623-2d0a7a58607c,12,9,0
6aba8610-e4ef-45ef-9209-0aecb64550b6,25,17,3
7e88aeb2-b805-42c8-b29d-af9d67825515,4,2,3
5e73a8ac-9a5a-4c4c-a946-93ee63a2d474,28,5,2
da4f476d-1be0-482b-aeec-a940704b4275,30,7,1
dec458f3-3638-462d-a8f8-610a8a400d25,17,11,3
00a8e962-2449-4406-8294-c4197908a089,7,6,0
1f47a8b9-078a-41f6-bf3b-4ee6af949be5,12,20,0
60d51109-c0b9-4c05-8f95-0b5a3256e208,12,27,3
66a1d1fc-84c7-4d1d-98ea-53aa9bbffd35,15,4,4
6dcede7e-1a26-41f1-ac76-a042183e2532,10,21,2
22a28eef-f10d-4ba9-b3a2-4c75b4ba5841,13,19,1
1b74651b-86ab-4417-99e1-10a33b4f3835,5,15,5
35120c0d-5b88-4b7a-a5fd-73a869f97693,28,14,1
d75183b7-cde5-4aa2-a537-92bdf39a1431,19,5,1
7e6115c8-a410-4a9f-a11e-d62b103e6bad,4,28,2
5fb6912d-ecc9-4b63-98fb-17706454ac63,13,19,1
9bdcaaa2-881a-4b1b-b806-f1282571eafc,26,2,1
347a8e07-6c97-44d0-bc62-465fc36c6794,10,5,1
9c0ba881-ae20-472f-b618-9421c37fd68d,24,11,2
6c2f2ece-4269-4d8c-ba94-54132fe5562a,19,24,3
6d5de442-efb8-4ae7-8a43-b94fa182d32c,29,10,5
d8b3127c-92a3-4e29-83ac-bf470ef8cf2d,7,12,4
d8646b18-4b4b-4019-ad3d-c5e8d8b4a672,22,27,4
3643904e-c617-4fdf-81fc-7bebbfc5a5b6,9,19,5
07486627-d09d-4c65-95fc-9a20b8575ec8,12,7,3
3c10fd6e-7e50-4aac-b577-74f3f00eaa84,27,6,1
8e266dbc-0e0b-4ab5-8957-eae30ce0468f,3,1,3
8526d153-3110-4240-b204-f476f0b8153b,27,10,1
25f28b80-2c97-4f5a-8ad4-450afd529b7f,21,30,0
1012c9e2-c097-479c-b0f9-4df4353ed3df,30,12,1
e5284085-abce-4913-b3c8-5177da908e38,16,14,2
ab654bda-b3af-498d-991f-b7f7cd7dae67,25,18,1
4e20a384-adcd-4992-b1b1-934bb6b32507,10,17,4
ed796e5e-43ee-4079-a0a5-d756a77b6753,13,3,2
59c0c1ea-92ea-4390-bfad-45ff257b23ce,30,28,1
51128d61-df29-478a-be95-60d7e59fd5b3,1,2,2
3be5dd36-e2d3-4553-a222-b3d4cff67042,1,26,0
097091b3-2f96-46be-84ec-a9b783b18ee1,9,14,5
09ee7637-5b6b-4697-843b-7152f41e634e,23,28,4
314bd432-b639-4a93-91f8-60c87f0dc255,25,20,2
dfc86c37-e23c-4858-87d6-852a8591e885,17,1,3
ee340e0c-49ca-4fdd-96a2-b96951c7a8df,9,9,0
c9665393-d907-4222-ba30-be0be19ba34a,29,18,4
9284f433-eaca-4856-b92c-dd80dd156cb7,11,7,0
9cd112b5-3024-4938-8548-bdf14464c41c,17,14,4
ee752f40-8a56-4f8f-b5a7-984dd3ac0250,29,22,4
b6a7092a-d790-44e6-bfa7-552c1b652904,2,22,2
2f2d558a-cec6-4dcc-8141-0f41935c5135,6,27,0
8e489ce7-04df-4f8b-9632-3ea9ef399c1d,22,6,0
f78a85b5-dc4a-4415-9340-0f37a28efd90,21,2,2
40936b29-bba6-446f-b225-678d90766a69,12,1,4
2803a132-0feb-46db-bfba-afe86a9a9bed,3,16,0
58eeda17-df1a-4b3b-95b1-2e4ee3480f15,8,8,1
c7fb4149-b48c-4369-af57-2835e46ba530,9,29,1
eb7ddba0-63ef-4449-b7d3-506cd23715e5,14,10,1
13444497-59df-4218-b5d1-840b57fe3ba6,29,12,1
fe585cd7-34e5-4bf5-90de-8b52ee70956c,2,30,1
32865e01-633d-4f89-aa8b-992ad9558c09,6,4,3
9e426692-fa22-4d2b-8c17-444cc5ced825,11,7,5
f88a21b4-6dfd-4a14-87e3-179d91aadac1,29,27,1
c4b20e76-1f6d-4f60-8cb4-944e8c263fe5,7,26,0
793bd677-4c2a-41ca-b9c2-6d5b8d12a77e,10,24,0
a7b2f016-8bda-4ba7-b8f6-559fb93fe125,15,19,2
8494fd3b-ab7d-49ce-b651-8b5829c51c75,25,25,5
05917c8c-c285-41ba-851c-9abbb8d39d6a,13,8,1
2a755b01-74f4-421c-85c9-4c92d18d9121,6,21,3
f764e876-8148-4dc9-861b-ce81c78abbac,23,23,0
49789cd8-ba61-4f08-85c8-5e01795d82ab,17,24,1
9a3a4306-9160-4b00-b2ec-966a3820fed9,4,4,5
8e281341-9a17-4f9f-b754-d6e0c3f5d4e6,6,25,2
a4c5cbf3-fdc1-42ed-b345-acb2204c2459,9,17,4
b0192527-09b3-4f2a-8c12-5f2458d7bcec,17,8,0
49bf9d19-d3ee-4491-a588-307027019657,9,12,4
19113604-02c4-4d82-b5d9-32655c5c1bcd,21,7,3
18f9a327-1664-4f87-a9e4-14d2856380e7,12,18,5
d0415b9a-3f93-47b1-9f27-5d46dc21667b,24,1,2
29d1e7b6-c71c-427c-8c63-9b87eb2af454,11,28,1
38753488-ec95-4db9-bba5-2d2b0b9ddb79,14,20,3
20c444f4-53e8-404d-8d2a-1e4d7ee1e266,16,19,4
7a82eb27-402c-466f-9813-94b193ee8df0,16,24,5
8c9e84ac-5a64-4548-b676-89e98b0a3def,1,17,4
4e16ee50-42fe-4277-84b4-a5a07fc3c2b4,22,15,3
3a1ce5b8-4e5c-452d-b7b3-fc6bca74883a,10,27,1
ce716709-0924-43b2-af42-e1eba0078005,22,29,3
3d47a1f1-bcd0-49e6-81d7-5885271fe02c,1,7,2
d1fab57f-c5ca-43fb-ae1f-45aee2a21f28,26,16,4
25fb8d11-a88e-45fe-b1ad-d0328fed6a73,2,28,5
d1dbe8a4-4448-4e47-8117-a16e660ac574,23,18,0
07bc39eb-dc46-416e-bf6b-128fb8faee23,3,25,0
241f54d2-6f66-4c84-b38a-50de1f5bab86,8,6,2
15726c8f-8c34-4adc-9a55-e59158fe357f,20,13,1
621c49b8-dee6-4f31-9690-57828fac576f,18,19,4
b3a62a19-c7c8-40a2-abdf-5362d0378daf,3,10,2
caa69453-f68a-4e76-bae3-2a8c876c3810,7,24,2
5101d705-da09-4fb6-8844-e1431c350cab,18,26,0
1e242a44-a1b3-4ff2-bf07-2f3e722c7e08,4,10,2
d5a13b63-d10d-4cc3-a802-38c9fef9a434,30,27,1
b2f9ed04-931f-461e-a5a6-decdd5943021,21,17,2
bdb7dbc9-1fa0-4343-9dfb-d37532a8193c,2,30,0
b5b9e0a3-98a7-4cd7-85eb-396e7efc8dbf,20,1,2
9f2376cd-aa09-4856-9d52-69d3648006c4,19,21,4
367951b5-a5c3-4788-b267-2874d65c415f,17,20,0
c71aa996-3da3-4b94-bd94-c2e8c3e67bd3,16,1,5
71be6fc2-845e-4d43-9129-a37eebe6ae1d,25,4,3
2951f7d9-9bd0-4fce-aa11-cd9543c047c4,26,2,0
dcfeb8d2-1998-496f-832f-b88ad4d2fd07,18,7,1
9f92541b-869e-4da7-91ba-1cbdfc2e97ac,7,29,3
59ab35cb-8aec-411a-bf72-4ec4119425c8,27,15,3
5cf6455d-fc67-4db2-b92b-af80cd919f40,1,18,2
9c8aaf4a-8b86-4357-91c0-d5cb9835683a,16,19,5
c9a8ffee-d3f2-4196-9edd-d7dbcf091540,8,15,3
f68f70ff-9e16-4605-87fd-5e70f214d8e3,3,12,2
1317c4c7-4b70-441f-bffa-5146d6ad530c,3,7,5
2c75ee45-63bb-4d9c-a2e9-67ad2e792bfb,3,2,4
86c664d0-c01c-4946-8210-1dcd24c5a889,29,2,4
82fdf72c-2a6c-45e4-8342-47ef9f5452ee,6,2,3
4adf1458-13e4-4b82-ace5-878c8a79fda4,30,16,1
b8e21f05-9b17-4ca5-af75-81cf53c410ef,23,5,5
552aaac3-961c-45e5-99c9-d3f75e13cdf6,13,3,5
11543d23-52eb-4d1a-84d7-0e8dc6d87afc,20,18,3
de2a3b18-9041-49d5-843c-8382f9b96bd2,25,3,1
a3f53ab5-7a2b-4d2a-bc3d-999fd1a91b6e,22,26,3
3fae1678-f4b7-4f05-b618-8266b31b8bc5,12,15,5
edc80193-6739-45d6-a2e0-4005f7e0abe2,13,27,5
69102dfb-981c-45bd-bdfd-44c45a83fb18,20,27,4
4dcd1a9f-3589-4582-95d6-0750e5c832ed,16,11,4
bb993618-21d7-4e41-9211-e3be71642c9c,6,25,2
f76d93bc-8d9f-4dda-9435-0f5547b670e5,13,13,2
4187e240-7d48-467b-8e5e-d1b2d90043fe,28,11,0
406448db-58b3-474e-b41c-f7671e217d88,18,25,4
f92d62a4-07fb-45aa-afc2-aabd74d5e27f,6,5,4
4292699c-e76f-489a-b6fe-2cb6cefce5c4,10,26,2
c12477db-b546-4ec8-8092-b7d7e9dc19f5,2,18,4
c951cfc5-34f8-4fa5-b99f-8e702ad2c109,6,16,5
0c154973-eb8e-4fc8-8574-b2ee96875307,12,13,2
bff738c5-1f0d-44f0-a603-4df9b02db592,20,26,3
9df1e701-19ad-408d-840d-dee515f4f209,19,3,5
7b7ce29e-ab85-499e-999d-d71b780c6017,6,6,0
97eb7e12-61ba-4f95-9394-38a9f29b7f3d,3,9,4
5170e7f1-37a0-448a-a7ab-17b62ce74786,13,27,2
4adb3cf1-e23a-46b3-a283-7ef2e6d88099,18,13,2
dbfa5337-2731-45fd-ad93-35abf3eea263,13,8,0
9a867b38-3bbb-4da4-9f34-edca6327422c,30,6,3
40ccbfd4-93f8-469d-98ea-21f18f90cd6c,7,17,4
9e57133b-ed61-4c0f-a09f-71830f510977,15,3,0
8679fee3-a9f0-45d9-b97f-794210f547b5,24,16,3
5b183fa6-6d1d-4e15-b1c5-f3c05f90d9ee,3,24,2
1279231b-5636-421e-8b9f-a8b4f0711d91,22,29,2
4a49824b-f840-4565-bddc-0ab594b4ff1b,8,14,5
97cd08aa-9696-4e09-a77f-89acb60ad8df,4,14,0
1da21a1e-ca75-406e-bfac-564ba8e30c66,28,21,2
6438cebf-5e46-4304-b40d-8d2d15a18744,11,27,4
64778616-c47b-48f2-8e58-f2a867778787,28,11,0
977db2ab-a549-40d3-b0c7-5b0e9e14e4f4,14,16,5
e371fff6-992b-49bd-8c79-322ccf4d7034,18,14,1
37029dda-3d36-45a4-aa1d-41818318420c,18,12,2
a069d98d-9433-4b1e-8ce0-3fe5103b7fe4,4,2,5
e1020fc6-0a4b-4f1f-99b6-b7d4cc78d884,14,19,2
8e9f2b37-a6ee-4608-9aa7-3cf56f032632,2,29,2
47e1df86-1ed0-4a9b-b735-4a98b4314075,11,8,0
1199c9be-3a8e-4a2f-8caf-37272242f73e,10,6,4
4830823f-e5a8-450a-b6d3-5f04d5c14876,13,3,5
fa92e40d-60ff-4866-80e0-923bed2a4b9f,28,15,2
7385a421-5aff-4cde-baa8-cc7f938068e5,26,8,5
158c00d0-cf5b-4414-8b34-ae7ac1a31fb8,22,4,2
8b36fac4-ccb8-4288-97d8-e0e1ae786f72,20,18,0
d557b124-7fb5-402f-bdc7-30fb4ba4c65c,1,8,0
d2d37fe4-f173-41bb-a702-e33429de90ff,16,21,4
80189243-ff09-4733-99dc-0d3bed74c479,6,4,0
0a8c7d97-28cf-49c0-92fc-4251f1f7db3d,26,9,5
db1d450d-c843-4660-9ce7-3f461f42cbb8,13,25,0
b3e4c012-ca12-41cc-a26c-c5b2493b2369,8,17,5
478694bc-a9b3-4bdc-8cd6-45846ae35a53,6,22,4
491824b8-e156-4b76-ab9f-3a6f298026ff,2,7,5
31972c3e-3bb2-4d99-a7d3-c14ed3ad66a3,29,3,2
5a35a428-969c-418c-846f-7a7282e4d5e7,10,22,5
ef930cd1-b342-4a25-b298-a88be531aedb,10,10,2
cf19b464-b4f7-4787-aa35-e7019cf99b65,9,20,1
4a1d942e-d75a-4c17-aaf9-0df250678953,5,21,0
01e9ee07-b6c7-4a04-aae5-6e759c5e1d74,15,13,5
b74d8ae8-a2ce-49a1-bba2-731865f68ee6,13,15,2
695aab9b-6668-4f90-b097-044a8a3a712b,2,29,1
e0277906-1a51-4522-8163-f1e3772d337c,7,4,5
26e71264-61f6-4c0e-88cb-0f4dd9d37dbc,11,4,2
c5110fb2-ac09-491b-bd8e-eb681fb5b6e3,3,28,0
2b760993-e64d-44c1-b19f-dad261421a10,21,1,5
e74d4405-2814-4aa9-ace4-f3abb2cba150,29,26,5
3dd080d3-45d7-4ddb-adfd-bc188e46cb4d,5,17,2
ecdabeb2-6aa3-4a96-9826-e3316d5d840d,18,12,0
4b4ebd6f-ed17-431e-9169-cf0209af3fe7,28,10,1
60cfadff-10fd-46e3-aee2-677f44c9c466,11,2,2
9db407a2-412f-4fef-8c1a-ee0dfaffab7c,14,17,5
d81f3735-26c3-43e6-93b7-10ed252a80d4,9,12,4
1b816790-ce97-46a6-a1b8-0ce551f77394,24,8,0
6f5ad306-058d-434d-9381-7ef9ea1d7ed5,7,6,0
ffaa1aac-44f4-4ee5-a32c-34b76f0d2054,11,27,3
fd77a4ec-47a7-4ee6-83cb-cc3bb212b83e,22,12,5
1f1fc880-06e9-457d-b00c-d529e2c7fd8a,23,11,0
67c3926c-4ba9-4746-a4e5-e2b0eeca6cfe,3,21,2
ce83d6ea-e81f-4e1e-8667-daa127f2cade,17,5,2
3ee31286-5a1b-46a8-8e79-b26c7704449b,26,24,5
ba60afbe-9bd7-483c-9384-e1bb39e5dc4f,19,30,2
255e852c-40ca-4dce-a058-8fb2f8800856,26,21,4
f3a99a4e-1084-4221-bf66-bdbc9aecc78b,18,2,1
8a882b84-5afd-4689-ad79-93da2515e7c4,30,27,4
32a6c3ce-f273-45ae-a694-ba9313174d34,29,10,2
4cc1d042-8907-43de-8b86-0d8e1ee98e02,12,9,3
3ef312fa-5ada-4790-b530-756f84982105,29,21,1
07a85925-cdfc-4bd8-91fb-fe9c4500b136,25,26,3
91872fa4-61e8-47a3-b5d8-de76544305de,17,15,1
8fb3962e-80a6-4a22-bac7-00a08b1f427d,21,20,2
4fa9cf11-1d15-4485-af1d-e7c7b6714898,26,30,5
e9b689a9-ee2e-4a71-a77d-e150065eb92a,21,11,4
ce60f929-421d-4509-9af4-5a8c56a275f8,17,29,2
979bbac8-746c-4fd5-9ba2-2a743fa290fc,9,23,2
2b9950e9-012d-4290-b658-32502fcf8bdd,19,19,1
612fa978-bfe9-4fe0-9a00-e3326288a9cf,3,13,2
0a3b15f4-ffaa-4a6e-beb4-f7085d865238,4,28,0
10562b8b-352f-4d05-a14c-a992a4d5cb9d,11,10,2
049b1445-1738-41a1-9e6d-ba0a1ad146d1,28,7,5
0e05ae70-9567-4b6d-ad56-c8308931d067,24,26,5
fdc1fa72-349b-455b-af94-eebe606da715,12,26,3
848ad3a0-fe4a-41c5-a07a-0bb54d3e781b,18,18,0
71daead6-0827-45f2-9aa9-d5a0e8fab384,24,4,2
82ea0953-cef9-4f63-99dd-e03c127a9f42,25,15,3
3693ec41-5664-4f79-a353-f56174c6ebee,11,4,0
b0a7216d-4dae-4dbe-b200-e4fdf2268a96,2,5,4
556b7b3f-a603-469a-97ee-03e193ebe7dc,17,5,0
7724ba86-c74b-424b-8d92-7dd02d796b37,30,11,3
bc634bd1-0906-4f3c-b408-eba275fb6dcf,7,4,0
39665d21-b850-4e26-a533-3ae0b2071b9c,3,22,4
f7b68a7c-1b42-4487-afcc-a9ecdd2ca63f,25,21,3
87b03f34-0508-40cf-994e-57654299b240,22,2,1
e959d82b-3f8e-40dc-bfb2-321e60a5882c,9,14,3
dcfd4b79-c340-4050-b5e1-4d10c57bb391,22,8,1
bb407265-5d85-4acb-a45d-82e4f87ddd49,30,7,1
75ac3552-7d6e-4223-844e-ce475ae4d806,7,10,4
a7432ee6-4e4e-4a4b-8b01-9ab6e9f93488,4,26,2
d1121ab8-0f33-4a5e-9902-1797a79f908b,17,10,5
111136f0-a9bd-4123-ac87-0caa2cb35603,28,13,4
6cc30cb7-8849-43d6-b9ea-6de0a811524a,19,13,4
2b01190d-5b54-48e3-abe3-4cac1103571f,19,13,2
8c09fd1b-e47a-41a7-ab0a-2877ba673240,8,23,2
97968877-6af1-48ca-8f90-3ceb1608880c,2,7,4
b75670a7-c892-45c8-b901-c411bf40b614,17,4,3
2cc7a254-eefd-40d8-b7b5-2b3dc5e32a17,13,12,5
30a91775-b601-4215-b5a4-d8d36de58dea,18,2,5
6e3e3a1d-9f1b-421c-8aa3-297957f351a8,28,25,4
8ffef644-e744-432f-a478-a75bef4a2f53,29,27,3
e99eb1dd-930f-4f45-9584-8694cad474e6,7,13,0
5c7b62cd-71bf-48b4-ba23-57585a71da77,15,30,3
0eb44036-2bfc-40c0-8e2e-0aa3b2e7c31f,29,18,0
b5d1ea6c-5120-46cb-bc40-1c88ce8d1efb,15,5,3
b37953e7-5747-423d-968c-0f8060060b53,3,24,5
fe03f485-72da-45ea-9e79-29cc3f111c2b,10,14,1
2881bff0-ad93-4217-8c15-b656db977c66,18,22,0
0c02503e-c90c-4b82-8b89-d7d87335c976,30,20,4
7bcca1d0-dd0a-49e0-bafb-a0a56f74d450,23,4,0
84ea643e-68d4-4672-b03c-00f1bcca30a7,25,2,0
e7866b02-7730-4121-904a-22c468e11b06,9,5,5
30057f10-9912-4f66-b51a-b35b2ed5cb51,14,23,4
cb54f3fe-0974-45cd-a613-e676245c7df3,1,13,1
ec02eb2e-9e9a-4cfe-8d29-0931ed307d9a,17,13,2
13ec0e83-9cbc-4dcd-83de-6db1853c9fe5,13,11,4
1d5d2dfa-638f-41dc-82ae-755120e20537,12,22,3
d728438c-7bd8-4f44-9945-1ee458d02d82,1,9,1
61641350-d650-4993-8d4e-73f66810d57b,26,13,2
505ecb80-33f4-4fd8-8882-ada26a4ad284,2,24,3
01731193-13da-488c-807a-9d365ed92da3,30,19,3
68dcc6bb-a327-48e8-b137-138e07d9e67b,26,1,5
1e44ced8-268b-49e3-9a11-7fea79e62cac,23,18,2
0e852092-1f2e-42a5-ba82-1b587fc66d32,18,3,0
27b86a45-bc80-4ad1-851e-f5a8ce25ef55,8,2,1
93ee4552-02c3-445d-9a6f-3ef879d4124e,19,5,3
69e38df5-a6b3-441b-b5c4-5044f0d6aa5b,3,30,1
bdbf7d9d-aeb3-4509-9367-ad0e9e0eb0d7,6,23,4
3071fdfc-fe70-4836-b013-e7c90e72de0b,15,16,3
6987c367-7f60-4e44-b84d-64be34c3fc54,26,14,3
9d35d6dd-2e67-43db-8840-7379858adbc9,10,18,1
6d3d0829-b14c-4be1-b347-65c3693d20fa,21,7,2
c4f1eaef-7e37-4f32-90fa-dbd1f72927dd,20,7,5
75c237c4-b3a0-4dbe-9d17-67e808a7dc30,17,5,4
e965fcc2-3320-4cd2-b3ad-855817275761,19,1,4
2e914a94-a5f5-4f83-a271-b91e8d8b8f7a,21,13,0
07e409d9-129f-4edb-8a3a-140975607310,10,9,2
acebf4ae-b3e3-421f-83fa-2356fb39f003,13,9,0
991d46a7-3111-4a73-bcf9-4020b858f150,30,25,5
82bac09b-dc2e-41a6-b45f-1dc5a2dc43df,21,19,1
a367a2a1-8edf-4626-9ff2-ed6ebf41b2f6,17,10,1
9898f1b9-1a06-42d1-a0a7-596090eb4d8e,16,25,0
14f4da37-8d93-4ceb-8c1e-3324e8dbd794,16,22,4
6b2d0a6e-8b15-4c56-9b25-e659c5f30a21,7,27,5
826a0166-789d-4fec-a6ad-dbbbaa181f06,9,9,3
f548d6a9-f6af-4ebb-bc46-a35f5ebd5545,4,12,5
241b1bf5-6c83-4cab-857f-17baff575dcc,26,7,1
9b3b9bff-fa24-45aa-9f0e-5f29bec76101,10,20,5
ece7fd72-9930-4752-840f-4811e5128166,12,28,1
52b42689-0819-426c-9ee7-ec25a9572a21,8,19,3
b1ad67f6-7963-4250-bb71-b9cfbc120d93,29,2,3
d2ca34ad-cc2c-4321-b3d6-c5bd7208885b,11,22,4
c71a69c6-904c-4a56-aa34-de90fd74f580,2,12,5
04cea890-a6da-4373-bb69-77a4653b35d1,30,30,2
026392c4-5ede-472b-a127-55079941b318,24,11,3
7549ecd4-2923-46dc-b0ce-ecaf789d2a74,13,13,5
7975d07b-3e89-4755-a893-f24d3f3d667f,12,7,2
b3ff394a-0f99-41f8-89ac-9c4324334bb0,25,10,5
d388301f-f61f-404f-95f6-a60bce70fcb9,22,16,2
1cb23327-ce7b-41d5-a5a6-c7f1ca44bad6,29,20,5
c63cd466-b5e2-44ef-8dfd-69ffbce0de46,18,17,3
84461f39-fddd-4b9c-babe-60acace6f6fe,30,27,4
476ad699-1b26-47ac-88b2-22b2bc6b2c69,26,27,1
316883ac-a06e-4f93-9d64-3678a5b32e74,6,21,5
d7d82449-3877-438f-92f3-eb0f464abfef,25,5,2
ef0b1636-38ed-420f-be9a-21e1f5defcd1,7,14,1
16d4d0dc-6c35-4466-bca3-7a93eeb8e0d2,18,22,1
bf94edc5-2f65-4462-b960-9001cc340450,19,30,2
6f6e243c-074c-41dc-8451-23f612948975,15,5,3
10745dd3-ecfe-49be-9853-e44fb0df3772,10,10,0
35f34ce8-0810-4372-a19f-9b9bde1b99b5,18,24,2
d25b69d4-43d2-4cba-9fc0-9c91fe6069c9,13,11,0
eef72dc4-ee4e-4ff2-95e9-fcf9a094ebb1,3,13,3
be1f732b-0f6c-4532-9d25-6a6c832f4a7a,16,30,4
07f2768e-e43f-4131-b478-2bcd3ccb058b,3,2,0
70cbe2b6-6793-4345-812a-837ed3481c0d,29,8,4
b90d62bf-6efc-4903-b1f1-a228d567c67d,25,9,4
86cab80b-02b5-46b1-9ace-22b9516db384,14,27,2
cd352582-1fa5-4749-bf0d-ac93d2044ff4,3,19,3
ebd025cb-54e4-42c5-b23a-ad6bfe928557,9,10,4
7a15049f-fd6c-4ecf-9bcc-e20cf5cadadb,13,19,5
cc1a8619-ecd6-4b28-b7fb-715e10f6b5df,3,6,5
eb4656d9-b366-4cd4-9500-481ec9df1f80,24,26,1
9cd33e6b-59f0-41e3-8d22-196348e647b1,15,2,5
2ce7e90a-5e74-46fc-9f38-9a18f98509a9,18,22,5
67127685-9d3a-48b6-9f4a-3cecae024f8b,11,3,2
e7e033eb-5c81-4532-bb47-ebed42af75e9,6,6,3
819dc096-6171-46fb-b42e-469a6713c3cb,21,18,2
54856fa4-08e7-4e02-ab50-2c26a3300b26,9,1,1
57c1843b-6f42-4cec-b2c4-62c2c36a72c2,25,1,3
39f35c79-8f8f-4d59-9ef5-dab0f6e51440,22,22,0
ec300e13-13b1-4ad9-8617-5f661988a9e7,11,26,3
63d6b2d4-1b66-4512-9e42-396bd0c1023e,18,30,5
f51198b1-5409-484c-85cf-c9269760d545,2,20,5
d66b7efb-d7bd-4459-937f-d627f75983fe,25,5,1
2f14fb80-a4be-47dc-aabe-3606bb76ebb0,23,24,1
06256369-5646-4666-a4b2-721ee6f03ff2,3,24,0
262d0adc-57c8-401d-a99a-b71a15785660,16,16,3
82f38276-0866-4e60-847d-5921a62d7f61,26,8,0
a7b133fe-ca47-4c3c-81af-513612f93ad8,13,4,1
4ec418cc-a4ee-4587-9da3-c150737e4e4f,28,17,4
32e7f8fa-3fbe-42ab-8499-a7e50f19eb53,18,30,0
4c297c51-25f4-47a7-b420-268f29800f62,14,19,0
ce8dce87-7d0f-4e93-9778-f4f02f71db4e,21,12,3
70952a5a-0306-4c68-b804-5365e2719e52,7,5,2
0d3cacd4-9d83-4748-b4aa-12de11e49c37,16,25,1
378cd32c-3d55-48f6-ae63-956d9b8f50fb,24,10,1
4e4b2a2f-2714-407d-a757-86d871f402f2,10,23,4
9c6cdc14-fb7c-4ddf-a8c0-038d9cb65a1c,21,9,2
5b3e3ceb-56d4-41ef-8e1d-b2e63782f7d0,27,23,0
c1944cfc-f700-4bd7-868f-a5d18b5c417b,3,19,4
1c9a113c-5939-4b09-9db4-4cf1c1251575,11,7,1
a09f6c66-abd9-432a-bbb7-12ab3bf6ce6a,19,29,3
73c623d8-1ec5-47e4-a84e-92fdfebcebdd,16,12,5
32f33e01-4374-4d18-a7cf-46e205b4f932,5,15,0
28a1cfd4-b33a-4710-873c-885d9224a32e,27,29,3
d9387ed7-ad8a-4787-a6ce-0e6bc806cc21,25,23,5
19129217-48cb-4630-b300-0efb63bea6a6,30,7,5
b5d508cd-cbd8-43f6-ba54-b7bb43d408f7,11,14,4
2b135cc2-9677-452a-9e0b-124ebf993c31,12,5,2
3f8785b4-ccb5-4170-8122-46f41189d0c4,21,6,0
353f132a-65fe-41d8-9d97-fcf9a3101066,22,30,1
d329f368-7cb2-4186-8c82-bff3cffc16f6,12,2,1
20d6cbd7-1753-4c7a-acdf-a1f11663c309,29,25,4
bc4c2166-dc68-442a-8d52-d52baeb36ee5,16,11,4
bcbded3e-83bf-4835-b0b7-5aa96d8fb9da,6,15,0
d97a011f-493f-4c87-b880-2d06556a12e8,7,15,4
5907448c-a7f9-4f52-a852-b5dc8caf0a5f,1,3,4
a9c977e1-5bc8-4441-87fe-afab04ca8aa1,26,21,3
2fb0d4be-8ef0-428d-aeac-b6b4e0d81a91,27,9,3
14fff292-ce0d-43a7-9f01-a68b566fe4e2,22,9,3
ce75f6e5-6197-4c47-96c0-7ab3845caec1,22,22,0
85466993-111c-4677-98f8-3fb1cfac633a,6,24,1
da1c3ade-04dd-4479-bb4b-dc5739cf1bbd,20,2,4
c197364a-888d-4971-8c72-2a6313e9698e,21,13,1
e92e08cc-d894-4bd1-92d5-9a5112a1753c,18,20,3
ad1cadbf-ceac-4bba-a452-de2dfb5c9d68,9,9,2
dfffad9a-8b0b-4fb5-9478-bf7433576633,17,15,4
0a6c3ad6-c0aa-45c0-9e05-0e4caa4c73ac,6,10,5
c76c59e9-6911-49c4-ac1a-3fe0349b3cb7,10,11,2
b07927dd-8335-42fe-b465-5b00b8c78c48,25,26,3
7de17e9d-db6e-4896-ae4c-50ad951fd2e8,30,16,2
25731d7c-0d3f-43ad-b28a-eb1a5a3d68cc,2,19,4
9b3e965f-697f-4356-8b11-96830b2f7ece,24,26,2
662c55d3-b05d-44ba-ba78-d28556b64c96,27,21,5
cd912183-897e-4388-aef9-1a20d32006c8,11,1,4
547ffbb1-abf7-4148-9305-a3b4a4a02270,4,24,2
2544de3a-55d9-4660-84cd-1666f856101d,14,25,0
5b1a29ee-822f-4ade-b3a4-cb3eef0e206d,15,25,0
47fd7b4e-497f-40d8-a483-c87091b171f4,18,22,2
0e0e9aec-253b-47f7-bea2-d2fae4eff574,7,9,4
31522192-277e-40f7-9e07-a7c510ec8084,19,3,4
024d27e3-9e61-45e4-91c1-d53c2118f587,28,14,2
5c595ee8-9c62-4d43-afdc-913af4cb2c21,17,21,2
7dde2bfe-d026-4f31-9540-177c499b640e,9,22,1
1b6be7f5-768f-4e69-8880-4d7d661d7d58,24,7,5
1958432f-ee05-42c7-9a35-5596ba37ccfb,4,26,2
787b083e-cddd-4157-91ba-6491ae6cf119,5,26,0
b4a76331-d4b9-4a0d-9385-5f0874267322,1,16,5
d3a6f39e-a907-4017-8bda-99baca2298d2,16,7,5
7bb6e50a-c9c6-4d90-81d7-10240e64977b,10,8,5
730d54ba-bfb8-4f04-8414-cf5a51185cf3,9,5,2
482114d8-c796-4abc-8c59-6290c8d8866b,12,30,3
6a32a21e-294f-4f3d-9a7a-e9443782f835,6,30,4
5a1f4d30-7b97-4347-9d1f-2716b5e73c69,6,12,5
8a40922a-6167-414e-901b-f8d75fd428cc,8,3,1
f0f647c7-454d-4dbc-8072-46ec237c9a41,7,21,2
894ede1d-ffa7-42c1-b614-99ed465fb30e,19,29,4
3af9cd5b-c70b-4f59-8ee5-3fa623860133,11,24,1
3cd618e5-2355-44c1-8e57-05816370a7e3,29,12,1
d870b996-1036-4ab3-8bb9-365e68842b32,6,10,3
cc1106ad-a403-4281-9358-5ce208fb2a0c,24,12,5
b5867653-eb24-4323-bb1a-444798180ca0,15,8,3
6bd1bec2-26fd-4b85-a02a-d0b6e443afd2,9,6,4
f7064448-e625-4d57-882f-04839081d240,30,19,5
757d638b-6f2d-4478-a31b-591465cf8f1c,28,18,0
17ebb693-bedc-45df-8b54-e0dfe4941a7d,23,13,4
24d1e8f5-e075-4847-b411-7240bfcc6b27,25,26,0
1978dfbf-6da8-44a2-809c-65a99a53ed76,6,25,3
fc7e22e0-83a8-4f58-87dc-546ad0e01b5e,25,15,5
fd9085b9-da7a-4c69-b33f-23d9a489e053,22,19,1
739a39a1-3794-4e4d-b807-934e8e209c4f,12,5,4
35c01468-9152-498a-89a6-9ce150c5fc26,3,8,0
fe493ded-b4d6-4ac4-af4a-be413dfc8572,2,11,1
c485ce49-313f-4e72-b5b9-3897cc57e532,29,12,4
9250a6ef-116e-4182-9b7d-11a224e3337a,26,29,1
0441b53a-b2b9-4a7d-9719-f856a184ed8a,6,30,1
f8971938-8928-45d4-abe7-cd848a744bdf,3,19,2
da59ad0b-d55b-4907-8649-d82f2c6e622f,13,15,1
886b63c9-0887-47f0-a289-ffb9f2c29429,25,1,3
a31542f4-8665-4f04-8811-ebc7084c85c6,6,25,3
ec036db0-62cb-4205-9c0a-1aafd11aad78,29,23,5
b244ac41-78d6-40a2-bcdb-1fb5032194af,7,4,4
46084547-b271-45e7-84ae-7789aa17bc68,18,21,0
5a302207-6cc6-4c6d-a941-1cb5265341f1,16,29,3
9a509016-6f03-4b9e-a42c-6ef7c3de95d3,24,23,4
7582b38a-cb79-43d0-b945-7e10e0b2804a,6,19,1
622fa43c-df60-4214-8d9a-777dac2140bc,21,23,2
b2c46f55-d0e1-4ad8-97fb-58fd7b0cb865,8,11,4
988cf5af-43cc-45c1-b854-98376483f799,5,11,0
0f171642-7db6-4203-af71-a2f0437b4991,6,23,2
e6079ecd-6ede-4ed2-a4ae-6c0edbb0a550,13,27,3
d5fa6037-4378-4780-8edf-8165bf704139,26,3,1
bdaa80ba-b45c-4161-a087-bec55360b758,22,20,1
5cbf44f2-1fdf-4379-aa14-7c9c80832235,4,26,3
95556446-3b41-41ea-834b-c23293c78ea1,30,7,2
82e7b2da-008b-4f54-ad64-bfdae74f6fca,24,21,5
f149c8c3-f6be-410f-9155-0a798efbea48,8,12,3
71f5a77a-bdda-4bf9-89dc-b07421a7222a,26,12,2
bddc7189-a8e8-415b-84af-9f75822238fb,13,8,4
4c161ecd-7a5a-4e0f-b9b0-2979fe03af23,9,16,0
d3a588ee-bb3b-4304-9500-553273a2538a,6,8,5
131cbfa6-61a2-47d4-843b-7e36c463aa31,7,7,1
90e02521-9f9d-404d-b0b4-31e44556d813,6,16,3
f3e8f27b-8e9a-4ab8-8d60-c79cba338f01,24,15,3
c9b06840-4bb9-437a-ba44-785768d80a93,5,1,0
e2c49370-d0a8-49e9-9a19-75db0391e3a1,13,1,5
f5f188b0-241f-45f4-81f7-b060e04a3782,1,1,1
f9854db0-ba58-458e-a725-a598c7271710,14,15,4
bc8f65c1-c155-49b7-b531-25d15df30e2a,14,27,0
fec127f3-9e24-4f4d-bf2d-c5a52edd7f74,11,17,2
ea28e044-1e2d-47c6-abde-a44feb811452,17,16,5
dfe41ec0-ad0a-490c-ba2f-c0e9c7be0323,28,20,4
310b9c33-380c-4ce9-b9b9-019cbe6be74f,27,6,1
b9e50e00-9812-4c79-ba68-2275fe443208,7,21,2
c78b7504-3737-4606-987b-8cccef20ca3a,18,28,0
5fb03997-1082-463a-9508-0c6db6925207,19,1,4
0523f8f9-588f-4788-a71c-58de87fcc5f6,26,5,4
2dae4d9c-25fe-4baa-9ea4-365846feed8a,29,11,2
388811fc-ed2a-472e-8235-b71a0b8397b3,27,8,4
f94ac99d-346b-4b5c-a99a-448a26ed0be7,2,22,3
dc52c4a0-e87f-489d-a6e1-1d3f08171017,10,8,4
52f86480-26dc-4c1d-867e-0272a8cc89cb,23,27,4
a4c92d1c-7400-4ef5-b7ab-898c66643c5f,14,24,0
0c435c02-5c22-4c6e-9238-29cde8bbd8c2,28,30,4
290acbf9-6450-47e3-a3c7-e9c70b0056fc,21,19,2
0d22ea48-baad-4f90-8813-e87c62f0f7d7,6,5,3
0c2077f4-cef7-4366-bca4-f890ebff7ef0,25,19,0
0616a356-cbab-41a9-bcb6-a5c3d04f173a,16,4,1
0d91b7c4-f9e1-4b46-b048-228acbe589a4,19,17,2
f8012fab-21de-47d1-bee4-38b81b81a818,23,2,4
b264f4fa-428e-482b-853c-f88e28d357d2,3,11,5
00ee0917-c869-44e1-bf6a-b78ab6f45817,4,7,3
9203f1fe-479b-49f4-9952-4e14b9275f18,21,30,2
b6d0b4c5-e271-46ca-ae32-03867e3bf70a,12,17,4
2c9e6b02-e46e-4fea-a9e8-edfc4ffa2cf3,2,13,1
8114645b-9613-4c15-92be-32a35e47b205,26,9,4
5ca4c1d9-42c7-4086-8ca2-9feff97f9564,3,2,4
af1b17e6-7dc5-41d8-a53f-379437c53be1,22,20,1
cf91721d-fcc1-405a-8626-4d704c0427a1,19,11,4
154956c1-fe28-43f6-8475-9074bf95a43b,15,12,5
93784614-e40c-41a3-86f0-0810592bc3f2,26,16,1
b5c42441-e4f5-4386-836a-59f61134cfe1,1,15,1
4fc03ef8-f55e-429f-af7b-34ae15b0abda,11,1,3
a1330859-6686-44f3-a24a-ea6be0fbe5ba,8,4,0
4a90f155-dac5-4995-a459-81e057366069,25,5,0
f77740d1-3866-4022-bea3-0c8de73970f0,4,6,4
6b38cb73-9184-4b07-a245-1714d97d44d2,21,17,5
788cbc0f-305d-4836-91dd-b7b69f4aebbd,25,25,5
e70978a5-b210-4b16-acc4-95ce548d53af,19,16,5
571a4a74-3922-422e-96e2-aa93d409391d,15,22,2
40940579-1df8-42e7-848e-95b905fe359c,23,18,5
9cd67fab-b957-44a8-a804-1b63bdf517a7,4,3,5
fa26a5a7-096d-41a6-ba07-692b9febe8f6,26,2,1
9b4fa8c1-e883-47bf-96a7-7dc0a51a6ef4,15,27,4
bba56e4c-2e76-49c1-b64b-5af9d77dd265,18,8,4
b29c639a-eabf-4b14-aba2-e20bee047366,16,29,0
0713fe64-0597-4320-b3b5-e3179c4550ca,27,9,1
a649c402-62f5-4393-a467-a074d6873739,21,24,0
92eba413-6dfa-4282-a7e5-db2f2550f6d2,15,24,2
0068ab84-b8a3-4e66-8c1c-3b0f9f422498,17,13,5
aafe9843-3022-483e-b9c8-1f0390a8c8a7,9,8,1
b7fca1de-1b8d-498a-ac78-08f1459f304d,9,11,0
57ea16eb-182e-466a-80a2-da239e52845d,1,24,1
e28ec251-072f-4adb-997c-5f6583b6bde7,16,15,1
ade124b4-bad5-47e7-9229-57402306aa3f,2,26,3
e627799b-6df3-41f4-8995-82a08a9af12c,5,9,0
b26f70ed-6acd-4482-b220-21df9c6145b8,9,5,4
e48439ac-596b-428c-ac9e-acbfe8ce136b,3,3,3
aa2de5f3-704f-4c5b-acd7-99657604ca49,21,26,5
5207c404-cba5-4dab-9683-ef9bd6fd64b2,15,9,2
a361b673-0c00-4378-9c0b-5d9293056725,6,25,1
28dd6967-dbae-49ed-962a-8125407afadf,26,5,5
6057fd15-7982-483d-9a5f-7edb7f2cc449,19,23,1
446c20f4-e6b9-4a16-8990-bb1f384c0d20,28,26,1
441800a9-b99f-46f0-8a82-fcadee8d211d,5,6,4
f60bd8fc-76f1-45bd-9d1d-0a317c5ad5ad,27,5,3
a4f50707-08db-4e0c-8f60-9f0f5927faad,10,27,2
18d25eab-bc8c-4d3f-addd-1cede8fe7bbf,1,11,5
c88ffc5f-72e8-4ee8-bc54-acd171d532d3,2,18,1
7751f7bb-f84c-45a3-a0bf-c7babfd217a4,13,3,1
a27cb5f5-2535-4edc-9847-268dadde050f,14,30,5
1327b218-1f07-4c4f-9b28-1875784af0f8,3,11,1
2509d95b-46f1-4987-88e7-a8795445badc,29,4,5
74a6e288-e292-4477-afc5-fc163412da52,17,24,1
033a56ef-eff6-41b7-af94-042fc2d54ce1,27,7,2
bbdf3218-7ac7-4f30-8fb8-7e40e67e884b,1,29,0
118fd664-8e5f-4ec7-a56d-15d22e9554bb,22,14,0
afe0c110-4aca-4d88-b34e-a9e32f62208c,1,17,3
e5ba0862-a87a-4a33-bdd3-6802640c87f9,10,23,0
d9abc7ee-029c-42bc-8cae-9e2f1e97f861,9,25,2
cd3388a4-4871-4bde-adac-e55f3033f149,23,21,5
7feead6b-25fd-42c4-9f1a-41ad19c09245,5,13,5
7d03d02c-3fd6-489e-b825-eeda85cdd195,29,8,3
60ae35be-6134-4c60-8747-418cd02586e5,8,7,2
0f0f35cd-12db-418e-be14-bce605c2bb03,4,7,0
4b3903c6-6765-4d57-9e75-76a2961ea61e,26,3,3
562a3bdb-5684-4418-8605-0969e8df727c,30,12,5
dd8d1086-1bc5-4eca-888e-b3f4b5b6602e,28,17,2
66e5143b-df10-42c2-888d-243c5187016b,4,11,2
13887ec9-c318-4283-9c64-5c048a45f8be,29,8,0
9bd8bfe9-0567-481b-9dae-4e155c0db714,11,26,2
dad2e702-a938-4743-a723-7686e3988814,24,20,2
b8ac4373-6755-4280-b91f-0c25358b23f8,12,28,4
422a4801-9862-41e0-8eba-53999e2a30f2,9,7,2
1ae732c4-9625-4c97-9486-14e2e49b8641,6,5,2
8525d105-809e-403a-bc79-173cb1b31efb,15,15,2
32af5726-b19a-4ba8-8f11-3a1ecf8ffe27,4,13,0
82a137d8-4027-4774-9dad-f31e38cb7beb,6,21,5
ce03e54d-b419-4d51-a386-8c622368df9c,12,29,5
4b79f3f9-8941-4c2c-944c-b0bfa18b06e9,6,19,0
8496aa50-153b-4f81-9278-05034da37c60,5,2,2
3b30466e-8aa7-4638-8393-a50f62de40a4,24,4,1
b7702a6e-37c0-4d6a-9861-ac7ef480b7f7,13,21,1
e7d7dc7b-d8e9-4461-8e6b-5f1b310f853f,6,12,2
c6d96730-d59e-471f-b540-75748a56c8bb,10,5,2
44f18aed-a41e-4ba2-a206-33a2ae928263,7,10,0
05d7d12b-db48-4fd8-ad9f-6be022a719bb,21,24,4
3d6ed590-f87c-48b3-acda-eb759960c760,1,29,4
022a4073-a4e6-4fca-b838-c9b338ea4c8b,9,13,1
2fa06415-f944-448d-87d6-63328a9296a2,13,5,3
3340eb82-3080-49f1-bc40-7a50f28274ba,28,17,1
0851c6f4-d1ac-4a53-aaa9-e6cce16cef5d,20,3,1
54153f9d-7ec8-4a49-bf12-dca83c118c2a,9,18,4
b7f54a96-85c9-49b4-b41b-8cd30c98807f,18,29,5
5f6e58eb-375c-4e65-b3f9-837127da14a9,12,21,1
9839ac69-fa7d-4c80-98bd-46dc2b18afd4,13,29,0
cb977583-b38c-4a4c-94e8-a6e543737d80,29,27,5
73204706-8d8f-4544-96e1-dbe68f423604,12,14,5
98ee3f6a-0ca4-4c86-88ee-8fcc1ddc5898,27,29,4
b9f7a0ef-09b8-4593-8b2f-a5817da78199,10,1,0
501f348c-d030-481e-b035-8c50fc336089,27,12,5
993a88d4-25c7-4f02-ba87-599fe6006d45,24,24,5
25879c1f-da42-4069-b187-e766e44b9a9a,30,16,1
db112748-ebde-4c43-9b67-f5c23453305d,24,10,1
e669d4df-1e8c-4e5c-8b43-86645b627346,14,7,5
4d2fff4d-050b-4666-b8f5-f6616f99e94a,20,30,2
9aa02e6a-f963-4626-92fe-9794aa8e57e9,30,8,2
71c020ac-704a-4510-91b1-697670557141,5,16,1
3678ea68-bc1a-42f5-92c6-3a0b0208e0a5,30,7,5
d6c32c3d-5771-4f40-a0b8-23f26af9d785,14,16,0
0df8efd0-73d6-4895-94fe-4443e569550a,26,29,2
59497f5c-2b29-431e-8db4-c56974368aa7,23,17,3
30ddfcb3-6890-4019-b046-3e764e2e8da1,1,16,0
ef2a3ecb-77cc-4706-8392-478dbdc508f0,1,2,2
17ed932f-bd30-482b-a4d7-755f6a93214c,17,20,1
facd30e0-d5d8-4f79-95c5-6722b248ee72,9,4,4
fcb8ec59-8e09-40a0-9472-6cf5d1e717e6,22,21,3
dc6092ed-8e4e-429f-aa37-c0292b1f111a,23,1,0
3d868e84-50a5-4551-b384-54e124577845,23,18,1
8f60501c-39e9-4db8-b2c8-e81e07b41b3b,19,30,1
b4e11807-4940-4b8c-80da-9f06926a8db7,19,19,2
9033eba7-538c-431c-95d6-b73fbf793b75,19,11,2
7cdef29d-531e-4e8e-82a0-327601dcef5e,25,1,5
bb715366-6a3c-4dd4-a327-47be979364cd,10,21,2
3e4eda08-2093-4877-863c-f90d7fa9b1db,23,14,1
b2d15ce3-395c-4531-8d1e-e70400dfa5ab,22,20,3
7419cd8c-f021-49e0-a857-5e3588b07d88,11,5,5
edc8bea3-346c-41f4-8101-f3dc55b25ac7,1,21,2
95139a58-e5be-4c15-ba09-b5937accfa10,26,24,0
92f0e79f-d24a-4eca-ba40-b183c5ae586b,19,8,1
6bedf037-487e-4bcb-bb34-d9b6c8f978ea,3,1,1
5abf92b9-cf87-423c-a7b4-a39b5c183f62,11,15,2
3ab84446-dcc4-4c9b-aed0-9459ce37fee1,14,2,1
6ff5b70f-6f51-4df1-8aa8-bce874b5ce9f,26,5,4
9fe18f56-140c-4f82-ac58-15532b85aad3,2,10,3
c935a71f-d4a6-4a4c-af38-3efb35fc8802,9,14,4
40528233-7226-4149-bcf1-8d6fb4a20691,2,9,0
a47c8026-ace5-4dd9-845f-bb7f610a2327,23,6,4
a884e27a-5196-4df6-b646-3dbce431679e,3,5,1
1a4c5edf-fb96-452b-bd76-4fb94d3e869e,28,25,5
827268ea-726c-47af-9417-a7323d1f6766,6,30,3
a744d252-ed5f-462c-8823-fdfd539f3194,11,5,5
b7e8bafb-5361-4ad8-a2a9-8a1af913bce2,2,22,1
8ecaa9aa-9cf5-49d8-bea5-f7c015e10147,2,8,0
89062197-1b5d-4673-abc5-9e26768d5beb,4,3,3
0f5d3a58-75c9-42e5-9c8d-fe3aca5ef35c,17,1,1
c0f855d8-3f04-44e6-9493-36390e58279b,3,6,3
3327b8ac-edfe-4cfb-9bae-a96fcb41e26f,14,14,0
f352a2c5-b5eb-4744-9da1-bdea399539b0,29,13,4
da0592c6-73e2-4d69-9b95-b264dd5cb25a,22,6,3
ca57f5f6-04a4-4a5f-a29e-6adad492e4a3,15,21,5
582e30de-1ed2-494d-a6d1-53121dd9a48c,18,24,5
d3c4a079-2793-41b4-bf6d-242024f35e53,17,27,2
21106037-9f58-4519-8416-4b82d560da70,11,30,2
400aa491-5767-490e-b4ad-c95a386c3640,27,10,5
6eb28766-d18e-4d27-9017-08b02c84ed16,4,18,1
9b212b18-9230-4ba6-b165-f7e0353c7bec,29,28,4
f5887006-21e3-4565-9be7-081f5a26d6fc,4,8,1
14d573ff-abc6-4354-ab4b-516133bc5ff1,1,16,1
91aab2ac-7b46-4e1e-a425-6d5b58cb1cf9,4,3,3
1bd4d4a1-6a48-4705-baea-1a7ff1d2ed2c,24,9,2
124f9a2b-b4b6-47e7-8c8c-2f1d86959f17,10,20,2
56f722b6-52ee-4a8c-a585-a39e9ff87548,8,20,2
35f88733-f838-4595-9a9b-59cca510e48b,12,3,1
269559ed-fb3c-4eaf-b460-1b2f8b8b888d,9,5,5
9d7fb9f1-b437-42bb-a586-42e54ecc85fd,16,27,4
0af0623a-0c17-4b6d-bd65-a9959564ae1a,14,25,4
67b9f49f-6714-4df3-9cf2-6ac1f3d8181c,30,10,5
354fc9f2-42ab-4f20-808b-fb5bc58f3cdf,13,6,2
0560a042-d44e-4594-999a-b33b2a68b888,18,29,3
95c722cf-6a76-4224-aaa5-76cee87661c6,28,15,5
f85891b9-43c5-49a3-905a-e5e5a3804911,14,2,0
2c36a22c-ea44-415c-9ffe-1e8a2ac49660,8,26,2
b9e762ab-08df-4956-9b2f-efb9c70b14c2,21,17,4
4a0cc01c-6d32-4283-91ad-5f67551a855d,16,28,2
b83ce321-f3ed-4e47-af50-28561290aeb8,11,3,5
7379c857-c72f-4da1-ae8e-f3a4b6c47a99,14,15,0
963797a0-51f2-4dc5-8074-01ff3d90d065,27,10,5
cb2247f1-f654-4360-9798-fbee50a2a87e,9,8,0
8669ffee-a597-4746-a52f-3d44b279b234,22,27,2
b84f68d8-a59a-4dce-830d-aeff93caa8f0,17,3,3
40168ffd-d007-4b44-a900-7e0e26a068d2,13,20,1
0fd02c55-18da-41b1-8c91-2d69718a635c,27,13,4
86cea512-a4ac-4e20-ac20-0af7d54001cf,4,10,3
f6725dd2-1faa-4f66-94b9-2d768fbe2c98,10,14,2
3976c512-c3ef-4ae1-a03e-2cd28b9a40ba,1,21,0
02f6927c-0312-4799-8ab6-476e1eb8cc45,28,28,2
8826de80-debe-467a-a48a-0f027af654b8,20,24,4
d2992286-01de-41a9-b49f-f1c3130fdb70,19,24,1
4b7478d9-0b39-49df-955a-6a3d0738ee3e,29,9,4
b19f5059-eba9-45b7-9e45-399d584ba47c,17,24,0
25e41554-fb2e-42ec-96f8-a7325f93f083,16,12,2
314b6747-9cd5-41dc-8169-812e3b777083,24,29,0
8a97d76d-e231-4bad-9646-6fbaacb55bfb,10,29,0
ef4eac87-34c3-4afc-badd-553a7907bc48,26,4,4
950abd28-461e-40de-b889-6dd90fe9f20a,17,11,3
8eb82eaf-4fbe-4c36-ba9a-9154bcd5f699,22,1,4
cc4b1b20-4d9f-4bf0-8fef-0b854ac3eb10,28,26,3
d669da65-0040-4c5a-a6bc-fff3ee9f7174,14,12,4
33d8a816-8d20-4037-ab9e-c472621fb24a,20,14,2
9a7e094a-5ba7-4de6-a26a-e2bd2947bc7e,2,2,0
204606a8-81f6-4c94-91b0-edc15f93a541,12,25,2
cd8f57ae-c461-430a-a542-745a707a86ac,4,29,2
4347abf4-986e-4a72-af47-4cf8ca01f6d0,6,17,4
77f22201-7640-4682-a249-dff6ca9db5c1,28,10,5
dc3db93e-7006-4bae-8f7c-1d7039f6cb3c,10,25,2
46e25a83-b459-4f64-824c-168a9903178f,15,13,4
52f831e2-5640-4ddb-a6c4-a680cdf2b6d7,19,16,0
820749c5-a311-4714-8353-b3b9fe08a004,27,26,1
301d4805-3b9a-48b7-b38b-c35227494553,14,13,3
e8ce2f82-4c92-4d4e-b341-73ba4ca626cb,16,14,1
740ec472-160e-46a7-a923-73569512b662,21,22,4
d50a034b-8903-4300-a62f-0267a98bb0d3,17,1,2
b5769ed5-e044-4dfc-81b3-045b0bf92a96,21,9,4
5e7cca63-aad4-4e57-ac6f-1f50b14431c5,3,6,0
f379b9f7-ee1e-41c6-9e43-d6b1bf288eb2,18,30,1
af0f9dc1-03a9-43d8-889b-73c1f05bef17,1,14,4
17327a8d-6fbf-44f3-87c8-35781238cef7,25,14,3
d96c51d2-6cea-4e7d-8395-995adbcace65,26,25,4
ca904bdb-2098-49ee-8cea-8b1220a317b9,13,12,2
f00093e3-7ebe-4f65-b866-2e57527ebfcd,21,27,1
4bfec51d-a601-414c-96ef-5e1cb31fc7af,2,14,0
b375f1ff-37f4-403b-b369-eff035b6ca9d,14,10,3
f9dbd099-5517-4f71-b02c-51f72ce7b8de,11,4,1
3f5113f6-8a2e-4cf2-acd5-dc00a27e26e4,4,29,0
33849e71-a2c1-49c4-8b91-9845ff296134,30,9,3
f779d7b5-846c-4c07-a01f-14a1fc053e2a,21,23,4
a5b3fb50-4e6b-417f-96d1-12cb53706bd5,5,4,4
c855f978-af8f-43a9-b8ef-72caaf155b87,8,23,3
52bd97dc-b346-4c3c-87e1-35c936f9c459,27,20,4
512618d9-a209-432e-820d-8fa4c48c9870,9,30,2
5bdc2b09-deaf-4c12-9d5f-269f32dbdb2b,12,21,1
278a652f-fa47-4a70-ba7e-2b0dfeaeec44,26,5,0
3ac23edb-1825-4538-ab2e-1516cfeac9ce,28,16,0
a41ad79c-baa7-46a2-b534-9456ea7f61fc,12,1,5
56ada9cc-c2f7-4cd7-a2d3-fc7f1da7c2b7,6,3,0
5afc473d-ec9d-4da9-9146-039cf7a99922,18,2,0
3930ead4-62b5-42b7-a15d-32f7f50c094a,20,20,2
bc351cc4-3fda-4f57-8493-baacbe5b876b,28,20,5
1b984eee-04f2-4dda-abd2-009e1a16b6c8,14,21,1
d3a3ebf5-75c3-4312-86cf-d384779b090b,29,8,1
fb0d9096-bd0c-46a5-8614-b91ba1685553,26,10,5
c1a31256-8dff-40d6-8219-2699f108991c,22,29,5
4aa8a0fe-c593-4e00-bf15-82ceb43b302c,5,14,0
5caf931b-c687-4114-bb96-d5c01f832f5e,11,9,3
96303fb8-9be9-4f2d-80f4-44c4be120e8a,27,18,4
b71b60e2-8e3f-4beb-a57d-34e65bf5d67f,13,14,4
e6fa56ce-2bb7-4ca3-b6ce-2cbbe0fd0cc9,7,11,0
ee90a55f-54d0-4855-9bb9-89bdfcc8bd08,2,27,5
7f10c134-4cf9-435e-b3cd-5ab04de10fa6,22,25,2
04e7b539-07be-4fbf-8cfb-c5460bf1c6d0,26,5,4
4ccf016d-2e21-402f-8bb8-59ed97f7fac9,18,19,1
93c182b6-cf10-419d-97a9-3e248327ba54,27,4,4
3b5e8140-9943-4736-a407-81423d955a38,8,11,2
8eda9a1d-843d-449c-9009-afcb43572b90,1,29,3
0122914e-36d3-44cb-b999-94924dc35609,16,18,1
9076a910-8537-4528-8cf1-c783432efe79,15,8,5
862e22ea-8e3d-4f97-9298-685045fc0d47,17,20,5
e65e9888-9868-4f9c-8bdc-346b5b90730a,30,13,4
d855a50a-29a9-4228-be13-f3cc6e1de3c0,8,28,5
08c78048-2dcf-42fd-8cc0-fb2f847bb16d,23,1,5
63fc66d2-3101-4177-8254-4915330c1289,19,12,1
873ef3aa-081f-48d7-9e50-418412f33346,15,13,0
2a0003b1-c4a2-4434-a786-9f92e05d214a,22,10,1
578dd571-ff89-44c5-891c-e57cf8c64f94,3,3,1
d0ebda93-4bc5-4633-a439-23d9e738ea4d,13,14,5
bcfaecc0-d43d-4b93-a346-e1f9edfe4c38,11,14,3
8f782224-6e31-4b3a-aa39-4d0e82a215c0,15,26,3
a0d6b44d-b569-4d69-a451-2a6e8ed14259,19,26,0
0a0acf1e-fe98-4e26-b8ea-f7402ef98eef,2,20,4
346049fc-7595-4087-a01a-3ad11e0ab500,3,24,1
47a9b1d4-c1d3-4b28-b6c4-a0dd6dc99ad0,19,3,5
a0e4f6df-cfd7-47ee-9742-de8004c894a7,15,26,0
1f18f45e-1fad-4b1a-94a8-c2d71f0b9a77,14,10,3
8067e065-7670-4b6f-a9c9-21d23687d062,12,13,2
6fb2ece2-a8fd-4554-9066-083fe5f8f397,13,16,4
b435d183-abb5-44cd-88a0-77479f29947a,16,19,5
e04c19e6-2454-4caa-b92d-00befcf2bb9e,26,11,1
f360e6b5-f6cc-414d-8e14-862dd6558f94,9,9,4
1c0d4fbc-6e34-41bb-8439-1eec78352f5c,16,30,5
0a8cbb16-aeb7-4e06-ad2d-b0dfd1702d61,4,22,4
9e523fb8-2674-4854-b4d3-b77e612d60d6,22,15,5
4eb9a8d9-b257-4389-9b56-981c02b5d555,28,21,0
8dd9f3a7-d306-4d4b-9911-2cef7f0d5ae2,27,12,5
cdc7e2fa-fd0a-42b9-9c50-13ccc2eb960d,19,27,0
35358189-2345-4aed-9e2c-3eed2226ba78,28,19,4
9514546d-cad7-40e9-8971-b6123888c027,30,25,3
d0ec8959-7d9c-447c-b16f-3a59052f2b9e,5,22,4
192f85b4-ceaa-4320-bb38-a56b04341e73,22,7,1
1744237c-aab9-49d3-95de-13c466df8ecd,12,17,3
ceb45730-c1f6-4888-beb6-bcd57486d1d7,17,26,0
05cf4878-6dec-4bc8-b047-72e85e223400,16,5,0
a4bfe915-2275-4429-8d76-d1d780d70917,11,5,1
4672ae5c-c96b-4e4d-bdd7-528b80cbf2cb,7,6,1
e7488f87-321c-48f2-9e17-e8dfe2ef334d,14,7,2
98130a19-f800-40ef-b3ca-e8344181a29a,19,25,1
071f2e1a-937e-456c-83eb-a486b4bb16d6,20,9,1
71af5cf8-7e53-4d88-9835-2f5b1fdeb233,28,5,4
eead312a-90c9-41a7-9b8e-30057fc38f7f,24,20,5
91658a5f-d268-47a8-9196-29fe8861c073,8,2,1
bae3e36a-cb49-41a4-812c-367d372d9222,7,19,4
62270ac1-3662-44af-972c-7f7564f642d4,1,12,5
d797c5b1-c62d-40cc-bc28-d28e99bf5b11,22,10,4
8d1ad91a-51ae-4f74-9f79-fd78f0310f77,28,20,5
e45f98eb-b072-4d6d-a1ad-6ebac54cc59a,29,29,5
05793483-f874-464c-a52a-65ea6773448f,6,24,0
664970c3-b5db-48f7-8c6b-0e0886989ed2,19,10,1
2c470652-bd55-4d7f-8851-e7789667aa7b,11,9,3
03a5a5e0-2335-40d7-9ae9-307c9568af64,13,14,4
88628ae1-920f-4a3c-b142-bbe72bc6e0f5,11,26,1
f2e78c6e-059f-4079-a607-d34c39ea8508,24,21,2
9c2d51e3-2759-4e98-aed6-66cdb63af814,4,5,0
490774c0-738c-4f0d-a316-6be6383d3d67,5,20,4
2e777baa-6d3e-4cb9-81de-12955b6e91de,21,30,4
b91fde0c-5e2c-4f0f-bb75-075758c393df,10,16,3
41d701d7-c8cd-4c86-89a5-47016892b211,24,27,3
996f45f1-621d-42fb-abd2-59bd335816f5,23,25,0
6c9d01b6-7ae1-4ad4-ba5e-92fcb75e0b1e,22,16,4
96bff03b-f25f-49ff-a82e-f8aed54e4925,3,3,2
656becf0-fd6e-4c11-aeea-252e7158703a,6,1,1
fd5ec11c-e752-48c1-a004-c52d67e3a950,26,10,1
2f673872-247e-4a13-8355-b9a9b77cbe26,21,15,4
956278ea-c9f2-4d16-bedb-fa091c9ac797,15,28,4
53daca40-f808-4704-aada-8bb1fb80a476,16,11,3
bf1ec6ea-7ed8-4115-b396-3316d2d2f2c8,21,19,2
e334c4b1-279d-44db-a018-94ffb5b6d4b0,26,17,1
abf6f4c7-a014-4bc6-860d-b81f13fb4277,16,27,1
34a5d6a3-200f-42f0-b221-91430674d23a,30,19,5
89cd6566-bf08-432c-95da-da8cbf331613,24,7,5
48e53608-5c6e-4e5d-899d-0ec5d6b4838d,18,30,2
cb776a59-7c43-4007-a360-844771fafa4c,14,24,0
241d7533-1395-4ec7-9d8b-adcff4197fe7,7,20,0
32c3b0c0-f989-4621-b037-589afdca7697,9,12,5
efd321b4-8908-4bd3-bfd2-b94867ea04e4,9,4,3
37ac8576-c4c6-4351-9551-e2d1764c912b,17,11,5
e63a4e5e-796b-460d-aed5-889aaec5f097,29,11,4
777c68df-e045-4642-81e6-6d52d20f0c36,28,16,2
1ba0d923-5119-4e0f-a80f-b14a2af49a8e,11,11,0
dbe729c7-f298-4b1a-aa5f-6c145888120e,17,4,4
520d2bd9-36c9-499c-bee6-4ea95e23ec7e,29,27,0
16bb8737-89ae-4654-8848-56de03d4573b,16,17,0
7bb74460-4200-4025-9f2b-03bc94ea36cc,22,6,2
7fef00f5-c159-40fb-bbee-1f60328777e6,9,16,0
16e9593f-2002-4265-8a35-fd7b1bbca9b1,19,28,1
64ae0dad-ffa0-419a-89b6-dc19a5a3d818,6,14,2
a78cab67-748e-4ade-aa20-dbcaefc00a69,9,12,2
9331b700-6cc3-4b4b-b352-fd47abffaa4a,15,1,5
064e88b4-37c2-4b72-b8b2-090afadbdd88,14,8,0
e9774bdd-ca72-4e14-9b39-380012412a9a,19,13,4
ce6fc56f-fdeb-40ed-89ca-ba5fff0025d6,10,14,3
551f9a49-b0ef-4818-aa8b-24531982b718,14,6,5
147fe77a-ddb8-40c7-8f18-26164b2f08ac,4,4,5
56cf6fd2-fc5d-45ca-9ace-f6b93959f1e9,18,7,0
daf8e79a-fafc-49fb-85d1-0c05d7db1835,28,20,5
63d09914-acc4-419d-a019-94bf5556722d,20,28,0
003b10b2-f751-4d25-859b-1dc53041bdb5,26,28,4
c0657fe2-f8fd-4293-8e58-f4e3b3dfa8f6,1,20,1
278ae69b-eb6e-4c15-8830-6f4e9d70d9b5,21,20,5
a283a3f6-c659-40f8-b4a1-74dfaf570f6e,3,24,3
7c16b64d-f010-4dcb-bd07-853b410b3612,24,6,0
f017da2c-d444-4df3-9fe0-45ee34f38861,26,21,2
581b8272-4c77-49b9-beb0-c4caa5784918,3,11,0
7d3e7f67-b851-47dd-8cab-ab8b98184dea,8,9,3
5830b7ad-04a7-4a9f-b83e-9a22b3a0d76b,18,10,0
d5fe1941-2348-457a-99eb-7fb87c416a8a,21,12,4
86fa7c82-88fb-45b6-96eb-b78106aa84b4,22,22,0
138a8f83-6736-42e5-8e3b-2fcd40b840ac,30,4,0
c9eef3b0-3446-4d3e-a311-b1487cd6d9be,5,13,0
e9cb852e-41a7-488c-8b78-6530a67ab010,28,6,1
99641fdf-f924-410c-9138-815f998d1fd2,20,15,4
a473a04f-02d9-4636-b12c-094c8b31aacb,10,1,0
f4171cf0-b593-47fb-a9b9-af8a1cf48e67,26,15,5
e4627a47-dfb8-4dcd-a15d-d3fbe319ac9d,21,27,2
456c4e19-617c-4415-82fa-5d05c34e715f,30,26,1
0a2e603c-008c-4c7f-a875-9512364ce5ae,18,6,1
68897767-85b8-4585-ad9c-73a254f9938f,28,25,0
f149f407-50be-4bfd-a456-87f37287dedb,7,7,1
3eb456e5-2761-44e2-aa49-66e199880f5d,3,16,1
d5bfa0a4-56a7-4013-a740-00f6090ec763,8,14,0
8ff657df-395c-4d52-9141-f6694fe2a5b9,10,3,1
25295dc9-5d38-4f69-a4b1-0356759512b8,28,2,4
1373c01d-8d57-4279-bb12-6094f3cb2b58,6,6,2
eedef7b3-e275-4c5d-82b4-261fe2ec0391,7,1,4
c6ae4aad-ee9a-4182-b11f-52ff7638726d,29,25,1
d91cb2ab-013b-427b-8495-223af2e0234b,30,14,0
d084a268-b170-4379-8085-58b0e636682f,3,14,1
e595a490-72c0-4ac9-a161-0dc820e89acb,10,11,3
659f6bb1-bd71-41ee-902d-afc9077f4da4,15,26,2
17803c1f-8bf4-4ca6-81b1-0d37a140e4b4,4,18,3
86883c84-3e72-4319-aa10-fa562898e156,17,17,4
28c5c4af-b710-4c49-8599-7c3200369efc,1,17,0
3c96e32e-9e89-48cc-a247-5444a577c134,28,8,3
9e06f039-7a24-4118-bbfb-112796480952,11,15,1
b75e74da-1a77-4098-b8d6-74a225ed2449,7,11,2
6da5a36a-739a-4a89-aaf3-15acb6d43338,16,13,0
7e477751-bea6-41da-8fa5-c6ef477c72e9,16,19,2
45fdcd3c-0b7b-474a-93ea-af651a64bb52,16,24,4
cd032799-ab02-4a33-b163-3d1474152806,20,13,2
b5c7456e-52a3-42ba-86f0-7dc4a9ed7d8b,13,21,5
c88224a1-5896-4501-aabc-41f9811eb799,6,11,0
176ba5ad-7f1a-4d5b-86d4-06cae35dd3f3,19,28,2
5772e484-922e-455e-931b-9b9f4d673e58,16,13,2
9efc00f1-330d-449c-87ad-b66dbbb02532,27,19,5
694461bb-47d2-4980-bdf9-8da2e02a4c54,2,22,4
8659613a-d1d7-4ba6-900f-6938ba10a2cb,23,14,0
c756159c-9df1-4584-82b9-415f079fb4c8,29,7,0
74ce0ed1-2d2b-42f7-8a05-23779c94ad7d,9,2,2
65ac1e4b-9322-4220-b21b-51ffbc1544b5,14,17,4
e101cd58-7361-4957-97ab-d266f8b7c79a,29,7,0
fe742bf5-2faf-4381-a6b2-770b443725e6,11,29,2
1a3bbf0a-f35f-49e6-8dae-222689407fcc,22,8,2
df18ddba-01a0-488b-a3d5-866f07ca4531,29,17,0
44279714-0724-43fa-8ec4-357b02290eff,11,14,5
ad4e4b84-147d-465d-966a-9673a27bcc10,6,2,3
8c3aca56-a850-4022-b89e-10e36deb6076,7,6,2
9bcaf45b-7edc-48ae-b140-d4d68b85507b,30,7,2
9ea8681b-a0c9-4c06-a7a3-d8294d9f059b,29,29,4
0bfd85c4-f075-492b-ab93-615dbe7fd400,16,28,1
edb67c26-7ab2-4fe3-9ae6-9575cd1b1a61,9,24,3
48e54d61-8920-4ab8-b3ad-aaac4c0b0113,30,14,5
eb85667a-082d-422a-9638-026bf4434329,26,1,0
9594ea18-a111-4b6e-83fa-dfb7e40f3523,17,19,2
e4612b2e-a742-4893-a3e2-fd3e0efa9511,12,11,1
f618c7f2-bb42-49cc-a2f4-0b07e5901bae,2,6,3
cd3a1c28-822b-437d-b8a6-02df32ea8d42,23,20,0
70c78908-8841-4e82-b664-60f53ff3682f,7,3,3
9d8d0735-997d-44ab-a984-9b55b5d08cce,10,23,4
82027319-ccc2-47fc-929f-2a89f76d3f6a,19,14,1
2384ca69-02b9-42e1-94b4-d97f69ae8e27,24,29,4
cc4819f6-be75-4447-a8c7-af63261ce495,13,5,4
1caa9223-b375-4be8-b0af-ea9123bb55cc,29,1,3
59e6f059-4206-4831-9b37-80ad508dacbf,1,4,5
0e26ab22-3dd0-4df6-acdf-9585c41ad7fd,6,28,1
920725b7-dcdd-4791-8a56-ef11d470f489,14,15,0
ae97d724-f5b0-451b-abef-01770fcca81d,24,13,4
2bd20822-e259-418b-8d55-133d9226cade,18,13,5
30ab6fb0-0828-42fb-9eef-46abb9c06483,10,22,1
22025c9f-ba8b-4f37-9e9d-826dec32ecd3,30,9,3
12f5200e-1150-40ee-a3d3-eb56313b1d3a,25,11,4
a7174df4-0cb1-4649-b604-ad04c4c9575c,24,3,0
f47f67d4-a802-4c4a-9646-f8c1100b5cd6,10,14,1
ad593cb6-9f9d-4469-aa3b-81ec39579530,9,4,3
884fe581-a21e-4e5a-b229-1ac80fcb6d8d,22,26,3
90bdef22-7f81-4424-bd68-186ef8817d78,11,16,4
d05cba87-13c5-4a18-bb43-05ee0a255090,15,19,5
da14860e-6894-4c85-9932-99a0922df300,27,3,1
e808007e-2bef-40d3-9426-98b61fe7e297,16,30,4
1bd6328d-7777-424f-a00d-a05eec0ccd6b,29,24,5
f12630fc-fc35-4f9b-a32b-41b7943c281f,16,30,4
00f2003c-a43a-441f-bff1-0eefc6601077,2,26,5
3bd720cc-52cf-43d4-b8d3-4a02fab4125e,1,4,3
a99fa8ad-ef3b-4083-ab66-f7488fdf5704,1,18,3
74128b2d-b2f0-439b-b07a-533d676af6ab,17,2,3
32aa2567-b8d6-46ff-8570-858f2920bdb5,25,12,3
aab5b4a8-96e0-4128-bdf4-2d4dbbcae004,11,24,3
5b1dc3e4-e116-46d9-af54-7597834acbee,28,20,5
289c94b7-90a2-4589-bbe8-6cacab675714,20,15,3
0af019cb-68f0-436f-bd7b-09d1c82505a9,9,29,5
5a632d72-ed04-4733-b2e6-c146e00c9898,7,4,2
e80bf131-7051-463d-a015-e815edc58d6d,15,5,3
9af0a5d3-3df6-4969-b547-c1dde81b1ff2,30,18,3
1f6b6506-595f-4c1c-8144-aaa365387225,14,25,4
c3ead09a-efe3-4a10-8b3b-17ff71428fa8,1,15,1
20c62b1e-e4a8-49e0-9576-c83c79836969,16,22,1
65ef94ce-f2d1-4c19-a571-8270d51edadd,29,24,1
e32c1519-25b6-4449-9f36-cd94bd50038a,29,25,5
cf0eb55b-f85d-429d-9b9d-d38208bd55e7,10,16,4
39d48b02-289a-459f-b11d-8e18fb536525,19,16,0
1c2f2bbc-f62b-44f6-a690-2c797b092c40,15,24,1
df4c9d23-98d9-45f0-b8d1-473509d3354f,22,25,0
541d1751-dbb6-4b96-ad70-8d5c723db66a,13,15,3
bfe4adfb-4d29-4a43-8e19-73aa4e5cc7e7,12,1,5
6e07db10-2b95-4119-b042-4e7e072190aa,8,26,0
1007dc25-0457-42e5-b607-6fca53e17685,27,14,1
f1ac3a7a-d9b8-4bd6-8f65-5912f81505ae,17,20,3
7262fedd-a4c3-4c2e-9a4a-abb132b35863,23,23,1
b9669095-8937-47b9-863c-24b5ea0b761a,18,28,0
68de7a0f-2a41-4257-8c3c-7ee102bd8ef4,1,23,0
6665e7fd-525c-4cfa-a51a-cd59fddd8a68,12,2,0
3fdb864b-26dc-4c13-9682-c4a9667ef51a,24,21,1
f73940d1-1034-43af-8f4c-c35ebb4e9b19,23,10,0
5f210656-d508-4c53-9e6d-82bb4a3b990d,3,5,5
7d2c4bab-e2ca-4e16-ad2b-c6f9427dd43d,24,11,5
e2842676-a095-4536-bf13-69c0de49e5ca,4,26,5
0bd4c5a9-a7e1-4cab-891d-317cd623dd92,9,4,3
ae8a6c60-dee2-4b68-9065-ab75c8085081,15,14,0
1587e173-c1cf-429c-8b3c-c6179138ca93,2,29,0
53dbd1d8-e824-4953-8862-05f51c76d8f8,4,6,3
c1209dbc-d321-40d0-a1a8-843bcad10b5f,14,18,3
52df6a37-6645-4c1a-a4d5-767638a3f6c4,14,29,5
7cdd10ca-2249-4de3-9781-f93f4a70b8d3,24,18,0
dd119d40-c5b9-474e-a64d-b54642fca364,16,8,4
7fc631db-87e3-4ce7-beb2-b01110fbbf4a,28,29,1
c17fec96-adb6-429b-aa96-4f300d5ad7a2,12,30,4
f9e5af76-3c3e-490f-9a75-ec9f0cddf835,15,9,1
7b4a22db-a62a-435d-a9ea-201e0bab7889,28,19,1
7283300f-f9c6-4f4c-bc24-00fa8901a1a3,3,5,2
96d772b3-b480-4ea4-9d23-3010791664ae,27,23,3
1dedbe62-e765-403e-808f-1ff267bf3bc9,30,7,5
1cece0db-1600-4d10-afbc-8940737cb0e6,3,26,2
6a7ec143-8984-47e6-bd80-62543b93a6a3,29,27,0
bac8e16a-6a14-411e-9907-ce16b6231697,22,16,3
73e090c0-5202-49a4-9331-4e91e0d8569a,26,21,1
bd664eb4-e543-4b36-b6d6-6c5c80beff83,16,18,1
546cc5c9-d4c5-4989-bc7b-0381fdea39c0,6,23,0
29052f12-8794-4b2a-a50f-93de21ead918,16,14,5
51f08c7c-7709-4e8c-b385-932147855e83,5,30,0
ef2cfd27-3049-4a59-8733-553fbdf4c8ea,16,26,4
eb651389-3eed-4d48-8822-b96b7a6676c4,5,27,3
dd883a6a-c5c0-4382-8438-91c253137c56,30,16,2
f57cb772-ed52-4a69-8b20-c31d33ed9f7d,15,21,3
0d1d0a3b-418a-4e70-83eb-1d1bfc4446f9,4,10,0
71c50688-c659-4f88-bafc-aa3cee555b2d,10,1,4
a9fd560b-cdf7-4611-bfd4-3cb3da35cfb3,22,1,2
c40d16b0-4ec1-4da5-8222-4da532c32e4d,29,23,2
4c0912f0-3f5d-45d0-ae4d-1ec63d14c64e,17,13,5
8261f186-3437-4823-a4b6-02bcbd27269b,16,18,1
